"Entity","FY","Appropriation","Revenue","onset","terminus"
"Department of the Senate","2019-2020",23853,450,2019-07-01,2020-06-30
"Department of the House of Representatives","2019-2020",25649,234,2019-07-01,2020-06-30
"Department of Parliamentary Services","2019-2020",142442,15030,2019-07-01,2020-06-30
"Parliamentary Budget Office","2019-2020",8258,0,2019-07-01,2020-06-30
"Department of Agriculture and Water Resources","2019-2020",411814,13651,2019-07-01,2020-06-30
"Australian Pesticides and Veterinary Medicines Authority","2019-2020",5695,30690,2019-07-01,2020-06-30
"Cotton Research and Development Corporation","2019-2020",0,14767,2019-07-01,2020-06-30
"Fisheries Research and Development Corporation","2019-2020",0,34976,2019-07-01,2020-06-30
"Grains Research and Development Corporation","2019-2020",0,194082,2019-07-01,2020-06-30
"Murray-Darling Basin Authority","2019-2020",83053,101107,2019-07-01,2020-06-30
"Regional Investment Corporation","2019-2020",15414,0,2019-07-01,2020-06-30
"Rural Industries Research and Development Corporation","2019-2020",0,39370,2019-07-01,2020-06-30
"Wine Australia","2019-2020",0,70001,2019-07-01,2020-06-30
"Australian Fisheries Management Authority","2019-2020",20345,2328,2019-07-01,2020-06-30
"Attorney-General's Department","2019-2020",145242,123367,2019-07-01,2020-06-30
"Australian Human Rights Commission","2019-2020",16538,5521,2019-07-01,2020-06-30
"Administrative Appeals Tribunal","2019-2020",170265,1018,2019-07-01,2020-06-30
"Australian Commission for Law Enforcement Integrity","2019-2020",14492,75,2019-07-01,2020-06-30
"Australian Financial Security Authority","2019-2020",57331,44351,2019-07-01,2020-06-30
"Australian Law Reform Commission","2019-2020",2623,0,2019-07-01,2020-06-30
"Federal Court of Australia","2019-2020",296971,3939,2019-07-01,2020-06-30
"High Court of Australia","2019-2020",20910,585,2019-07-01,2020-06-30
"National Archives of Australia","2019-2020",73704,2345,2019-07-01,2020-06-30
"Office of the Australian Information Commissioner","2019-2020",23270,178,2019-07-01,2020-06-30
"Office of the Commonwealth Ombudsman","2019-2020",36544,3378,2019-07-01,2020-06-30
"Office of the Director of Public Prosecutions","2019-2020",87848,10875,2019-07-01,2020-06-30
"Office of the Inspector-General of Intelligence and Security","2019-2020",14839,27,2019-07-01,2020-06-30
"Office of Parliamentary Counsel","2019-2020",17298,5917,2019-07-01,2020-06-30
"Department of Communications and the Arts","2019-2020",124826,2912,2019-07-01,2020-06-30
"Australian Business Arts Foundation Ltd","2019-2020",0,8011,2019-07-01,2020-06-30
"Australia Council","2019-2020",212122,1880,2019-07-01,2020-06-30
"Australian Broadcasting Corporation","2019-2020",1062265,68641,2019-07-01,2020-06-30
"Australian Film, Television and Radio School","2019-2020",22605,8606,2019-07-01,2020-06-30
"Australian National Maritime Museum","2019-2020",24370,23555,2019-07-01,2020-06-30
"Bundanon Trust","2019-2020",0,8572,2019-07-01,2020-06-30
"National Film and Sound Archive of Australia","2019-2020",25243,2429,2019-07-01,2020-06-30
"National Gallery of Australia","2019-2020",66828,23213,2019-07-01,2020-06-30
"National Library of Australia","2019-2020",64528,9878,2019-07-01,2020-06-30
"National Museum of Australia","2019-2020",46524,9061,2019-07-01,2020-06-30
"National Portrait Gallery of Australia","2019-2020",11844,2596,2019-07-01,2020-06-30
"Old Parliament House","2019-2020",18303,1367,2019-07-01,2020-06-30
"Screen Australia","2019-2020",11331,77264,2019-07-01,2020-06-30
"Special Broadcasting Service Corporation","2019-2020",290054,103796,2019-07-01,2020-06-30
"Australian Communications and Media Authority","2019-2020",103916,900,2019-07-01,2020-06-30
"Department of Defence","2019-2020",37824952,729043,2019-07-01,2020-06-30
"Army Amenities Fund Company","2019-2020",0,0,2019-07-01,2020-06-30
"Army and Air Force Canteen Service","2019-2020",0,33261,2019-07-01,2020-06-30
"Australian Military Forces Relief Trust Fund","2019-2020",0,593,2019-07-01,2020-06-30
"Australian Strategic Policy Institute Limited","2019-2020",0,8929,2019-07-01,2020-06-30
"Defence Housing Australia","2019-2020",0,1268488,2019-07-01,2020-06-30
"RAAF Welfare Recreational Company","2019-2020",0,0,2019-07-01,2020-06-30
"Royal Australian Air Force Veterans Residences Trust Fund","2019-2020",0,580,2019-07-01,2020-06-30
"Royal Australian Air Force Welfare Trust Fund","2019-2020",0,1742,2019-07-01,2020-06-30
"Royal Australian Navy Central Canteens Board (Royal Australian Navy Central Canteens Fund)","2019-2020",0,19763,2019-07-01,2020-06-30
"Royal Australian Navy Relief Trust Fund","2019-2020",0,723,2019-07-01,2020-06-30
"Australian Signals Directorate","2019-2020",917453,4076,2019-07-01,2020-06-30
"Department of Veterans' Affairs","2019-2020",356624,11655,2019-07-01,2020-06-30
"Australian War Memorial","2019-2020",81617,8842,2019-07-01,2020-06-30
"Department of Education and Training","2019-2020",433864,17027,2019-07-01,2020-06-30
"Australian Curriculum, Assessment and Reporting Authority","2019-2020",0,27606,2019-07-01,2020-06-30
"Australian Institute for Teaching and School Leadership Limited","2019-2020",0,16349,2019-07-01,2020-06-30
"Australian Research Council","2019-2020",22454,0,2019-07-01,2020-06-30
"Australian Skills Quality Authority","2019-2020",40678,264,2019-07-01,2020-06-30
"Tertiary Education Quality and Standards Agency","2019-2020",18385,323,2019-07-01,2020-06-30
"Department of the Environment and Energy","2019-2020",614653,38442,2019-07-01,2020-06-30
"Australian Renewable Energy Agency","2019-2020",2868,280643,2019-07-01,2020-06-30
"Clean Energy Finance Corporation","2019-2020",0,182632,2019-07-01,2020-06-30
"Director of National Parks","2019-2020",46160,26353,2019-07-01,2020-06-30
"Sydney Harbour Federation Trust","2019-2020",1700,18359,2019-07-01,2020-06-30
"Bureau of Meteorology","2019-2020",401453,80218,2019-07-01,2020-06-30
"Clean Energy Regulator","2019-2020",71254,0,2019-07-01,2020-06-30
"Climate Change Authority","2019-2020",0,1553,2019-07-01,2020-06-30
"Great Barrier Reef Marine Park Authority","2019-2020",47586,15673,2019-07-01,2020-06-30
"Department of Finance","2019-2020",280829,52132,2019-07-01,2020-06-30
"Commonwealth Superannuation Corporation","2019-2020",0,42141,2019-07-01,2020-06-30
"Australian Electoral Commission","2019-2020",154321,11038,2019-07-01,2020-06-30
"Future Fund Management Agency","2019-2020",0,0,2019-07-01,2020-06-30
"Independent Parliamentary Expenses Authority","2019-2020",10095,0,2019-07-01,2020-06-30
"Department of Foreign Affairs and Trade","2019-2020",1546188,122311,2019-07-01,2020-06-30
"Tourism Australia","2019-2020",135618,39800,2019-07-01,2020-06-30
"Australian Centre for International Agricultural Research","2019-2020",9555,1954,2019-07-01,2020-06-30
"Australian Secret Intelligence Service","2019-2020",385941,97200,2019-07-01,2020-06-30
"Australian Trade and Investment Commission","2019-2020",217222,27400,2019-07-01,2020-06-30
"Department of Health","2019-2020",678460,23224,2019-07-01,2020-06-30
"Australian Commission on Safety and Quality in Health Care","2019-2020",0,19873,2019-07-01,2020-06-30
"Australian Digital Health Agency","2019-2020",199924,32250,2019-07-01,2020-06-30
"Australian Institute of Health and Welfare","2019-2020",37305,38446,2019-07-01,2020-06-30
"Australian Sports Commission","2019-2020",388893,21951,2019-07-01,2020-06-30
"Australian Sports Foundation Limited","2019-2020",0,45200,2019-07-01,2020-06-30
"Food Standards Australia New Zealand","2019-2020",16890,2367,2019-07-01,2020-06-30
"Independent Hospital Pricing Authority","2019-2020",0,16144,2019-07-01,2020-06-30
"Aged Care Quality and Safety Commission","2019-2020",71014,8392,2019-07-01,2020-06-30
"Australian Aged Care Quality Agency","2019-2020",0,0,2019-07-01,2020-06-30
"Australian National Preventive Health Agency","2019-2020",0,0,2019-07-01,2020-06-30
"Australian Organ and Tissue Donation and Transplantation Authority","2019-2020",5586,0,2019-07-01,2020-06-30
"Australian Radiation Protection and Nuclear Safety Agency","2019-2020",14696,0,2019-07-01,2020-06-30
"Australian Sports Anti-Doping Authority","2019-2020",16656,2201,2019-07-01,2020-06-30
"Cancer Australia","2019-2020",11167,2081,2019-07-01,2020-06-30
"National Blood Authority","2019-2020",6298,0,2019-07-01,2020-06-30
"National Health Funding Body","2019-2020",5570,0,2019-07-01,2020-06-30
"National Health and Medical Research Council","2019-2020",37906,5124,2019-07-01,2020-06-30
"National Mental Health Commission","2019-2020",7200,530,2019-07-01,2020-06-30
"Professional Services Review","2019-2020",9585,0,2019-07-01,2020-06-30
"Department of Home Affairs","2019-2020",2866079,252046,2019-07-01,2020-06-30
"Australian Criminal Intelligence Commission","2019-2020",131038,18386,2019-07-01,2020-06-30
"Australian Federal Police","2019-2020",1254738,277134,2019-07-01,2020-06-30
"Australian Institute of Criminology","2019-2020",4617,0,2019-07-01,2020-06-30
"Australian Security Intelligence Organisation","2019-2020",534108,21961,2019-07-01,2020-06-30
"Australian Transaction Reports and Analysis Centre","2019-2020",80166,5592,2019-07-01,2020-06-30
"Department of Industry, Innovation and Science","2019-2020",424325,75796,2019-07-01,2020-06-30
"Australian Institute of Marine Science","2019-2020",44800,27131,2019-07-01,2020-06-30
"Australian Nuclear Science and Technology Organisation","2019-2020",313818,120635,2019-07-01,2020-06-30
"Commonwealth Scientific and Industrial Research Organisation","2019-2020",894151,613875,2019-07-01,2020-06-30
"National Offshore Petroleum Safety and Environmental Management Authority","2019-2020",0,37212,2019-07-01,2020-06-30
"Northern Australia Infrastructure Facility","2019-2020",10340,30,2019-07-01,2020-06-30
"Geoscience Australia","2019-2020",216296,40673,2019-07-01,2020-06-30
"IP Australia","2019-2020",362,0,2019-07-01,2020-06-30
"Department of Infrastructure, Regional Development and Cities","2019-2020",211553,4870,2019-07-01,2020-06-30
"Australian Maritime Safety Authority","2019-2020",81919,151581,2019-07-01,2020-06-30
"Civil Aviation Safety Authority","2019-2020",46172,155710,2019-07-01,2020-06-30
"Infrastructure Australia","2019-2020",11560,74,2019-07-01,2020-06-30
"National Transport Commission","2019-2020",3535,6595,2019-07-01,2020-06-30
"Australian Transport Safety Bureau","2019-2020",20863,1383,2019-07-01,2020-06-30
"Infrastructure and Project Financing Agency","2019-2020",5725,0,2019-07-01,2020-06-30
"National Capital Authority","2019-2020",12580,2494,2019-07-01,2020-06-30
"North Queensland Water Infrastructure Authority","2019-2020",2687,0,2019-07-01,2020-06-30
"Department of Jobs and Small Business","2019-2020",395611,53834,2019-07-01,2020-06-30
"Comcare","2019-2020",5989,280887,2019-07-01,2020-06-30
"Asbestos Safety and Eradication Agency","2019-2020",3372,225,2019-07-01,2020-06-30
"Australian Building and Construction Commission","2019-2020",33602,370,2019-07-01,2020-06-30
"Fair Work Commission","2019-2020",79675,2000,2019-07-01,2020-06-30
"Fair Work Ombudsman and Registered Organisations Commission Entity","2019-2020",134181,3366,2019-07-01,2020-06-30
"Safe Work Australia","2019-2020",10521,0,2019-07-01,2020-06-30
"Seafarers Safety, Rehabilitation and Compensation Authority","2019-2020",0,0,2019-07-01,2020-06-30
"Department of the Prime Minister and Cabinet","2019-2020",424894,14248,2019-07-01,2020-06-30
"Aboriginal Hostels Limited","2019-2020",36426,20198,2019-07-01,2020-06-30
"Australian Institute of Aboriginal and Torres Strait Islander Studies","2019-2020",20445,5960,2019-07-01,2020-06-30
"Indigenous Business Australia","2019-2020",32437,192431,2019-07-01,2020-06-30
"Indigenous Land and Sea Corporation","2019-2020",8617,77335,2019-07-01,2020-06-30
"National Australia Day Council Limited","2019-2020",0,6614,2019-07-01,2020-06-30
"Outback Stores Pty Ltd","2019-2020",0,18931,2019-07-01,2020-06-30
"Torres Strait Regional Authority","2019-2020",35897,12318,2019-07-01,2020-06-30
"Australian National Audit Office","2019-2020",70620,4100,2019-07-01,2020-06-30
"Australian Public Service Commission","2019-2020",20766,22095,2019-07-01,2020-06-30
"Digital Transformation Agency","2019-2020",57345,2170,2019-07-01,2020-06-30
"North Queensland Livestock Industry Recovery Agency","2019-2020",9491,0,2019-07-01,2020-06-30
"Office of National Intelligence","2019-2020",70553,0,2019-07-01,2020-06-30
"Office of the Official Secretary to the Governor-General","2019-2020",14600,171,2019-07-01,2020-06-30
"Workplace Gender Equality Agency","2019-2020",8586,100,2019-07-01,2020-06-30
"Department of Social Services","2019-2020",462115,37569,2019-07-01,2020-06-30
"National Disability Insurance Scheme Launch Transition Agency","2019-2020",1408255,14785949,2019-07-01,2020-06-30
"Australian Institute of Family Studies","2019-2020",4641,10987,2019-07-01,2020-06-30
"NDIS Quality and Safeguards Commission","2019-2020",50437,0,2019-07-01,2020-06-30
"Department of Human Services","2019-2020",4635854,237039,2019-07-01,2020-06-30
"Department of the Treasury","2019-2020",206309,12423,2019-07-01,2020-06-30
"Financial Adviser Standards and Ethics Authority Ltd","2019-2020",0,3900,2019-07-01,2020-06-30
"National Housing Finance and Investment Corporation","2019-2020",0,41438,2019-07-01,2020-06-30
"Australian Bureau of Statistics","2019-2020",401223,42608,2019-07-01,2020-06-30
"Australian Competition and Consumer Commission","2019-2020",240956,3703,2019-07-01,2020-06-30
"Australian Office of Financial Management","2019-2020",14167,382,2019-07-01,2020-06-30
"Australian Prudential Regulation Authority","2019-2020",0,5277,2019-07-01,2020-06-30
"Australian Securities and Investments Commission","2019-2020",429645,6500,2019-07-01,2020-06-30
"Australian Taxation Office","2019-2020",3608283,134960,2019-07-01,2020-06-30
"Commonwealth Grants Commission","2019-2020",9052,0,2019-07-01,2020-06-30
"Inspector General of Taxation","2019-2020",6480,0,2019-07-01,2020-06-30
"National Competition Council","2019-2020",1700,0,2019-07-01,2020-06-30
"Office of the Auditing and Assurance Standards Board","2019-2020",2398,0,2019-07-01,2020-06-30
"Office of the Australian Accounting Standards Board","2019-2020",3598,1124,2019-07-01,2020-06-30
"Productivity Commission","2019-2020",34341,145,2019-07-01,2020-06-30
"Royal Australian Mint","2019-2020",0,0,2019-07-01,2020-06-30
"Department of the Senate","2018-2019",24238,450,2018-07-01,2019-06-30
"Department of the House of Representatives","2018-2019",24750,116,2018-07-01,2019-06-30
"Department of Parliamentary Services","2018-2019",142706,18014,2018-07-01,2019-06-30
"Parliamentary Budget Office","2018-2019",8083,0,2018-07-01,2019-06-30
"Department of Agriculture and Water Resources","2018-2019",397015,15600,2018-07-01,2019-06-30
"Australian Grape and Wine Authority","2018-2019",1775,56390,2018-07-01,2019-06-30
"Australian Pesticides and Veterinary Medicines Authority","2018-2019",24902,28423,2018-07-01,2019-06-30
"Cotton Research and Development Corporation","2018-2019",0,22931,2018-07-01,2019-06-30
"Fisheries Research and Development Corporation","2018-2019",0,34697,2018-07-01,2019-06-30
"Grains Research and Development Corporation","2018-2019",0,215093,2018-07-01,2019-06-30
"Murray-Darling Basin Authority","2018-2019",91700,94384,2018-07-01,2019-06-30
"Regional Investment Corporation","2018-2019",12555,4773,2018-07-01,2019-06-30
"Rural Industries Research and Development Corporation","2018-2019",0,26490,2018-07-01,2019-06-30
"Australian Fisheries Management Authority","2018-2019",20517,2851,2018-07-01,2019-06-30
"Attorney-General's Department","2018-2019",133515,0,2018-07-01,2019-06-30
"Australian Human Rights Commission","2018-2019",16184,6089,2018-07-01,2019-06-30
"Administrative Appeals Tribunal","2018-2019",164277,900,2018-07-01,2019-06-30
"Australian Commission for Law Enforcement Integrity","2018-2019",11587,2489,2018-07-01,2019-06-30
"Australian Financial Security Authority","2018-2019",55881,49642,2018-07-01,2019-06-30
"Australian Law Reform Commission","2018-2019",2611,1,2018-07-01,2019-06-30
"Australian Security Intelligence Organisation","2018-2019",526784,23229,2018-07-01,2019-06-30
"Federal Court of Australia","2018-2019",269522,3894,2018-07-01,2019-06-30
"High Court of Australia","2018-2019",21658,490,2018-07-01,2019-06-30
"National Archives of Australia","2018-2019",67330,11695,2018-07-01,2019-06-30
"Office of the Australian Information Commissioner","2018-2019",14356,2170,2018-07-01,2019-06-30
"Office of the Director of Public Prosecutions","2018-2019",78066,9268,2018-07-01,2019-06-30
"Office of Parliamentary Counsel","2018-2019",16135,5999,2018-07-01,2019-06-30
"Department of Communications and the Arts","2018-2019",109759,514,2018-07-01,2019-06-30
"Australia Business Arts Foundation Limited","2018-2019",0,7459,2018-07-01,2019-06-30
"Australia Council","2018-2019",208186,3040,2018-07-01,2019-06-30
"Australian Broadcasting Corporation","2018-2019",1045911,71838,2018-07-01,2019-06-30
"Australian Film, Television and Radio School","2018-2019",22584,10047,2018-07-01,2019-06-30
"Australian National Maritime Museum","2018-2019",29236,15403,2018-07-01,2019-06-30
"Bundanon Trust","2018-2019",0,3124,2018-07-01,2019-06-30
"National Film and Sound Archive of Australia","2018-2019",27443,2039,2018-07-01,2019-06-30
"National Gallery of Australia","2018-2019",53279,22695,2018-07-01,2019-06-30
"National Library of Australia","2018-2019",65071,10138,2018-07-01,2019-06-30
"National Museum of Australia","2018-2019",47076,5985,2018-07-01,2019-06-30
"National Portrait Gallery of Australia","2018-2019",11876,2534,2018-07-01,2019-06-30
"Old Parliament House","2018-2019",19847,1259,2018-07-01,2019-06-30
"Screen Australia","2018-2019",11335,77364,2018-07-01,2019-06-30
"Special Broadcasting Service Corporation","2018-2019",281726,104777,2018-07-01,2019-06-30
"Australian Communications and Media Authority","2018-2019",96322,900,2018-07-01,2019-06-30
"Department of Defence","2018-2019",35531649,700576,2018-07-01,2019-06-30
"AAF Company","2018-2019",0,383,2018-07-01,2019-06-30
"Army and Air Force Canteen Service","2018-2019",0,34998,2018-07-01,2019-06-30
"Australian Military Forces Relief Trust Fund","2018-2019",0,612,2018-07-01,2019-06-30
"Australian Strategic Policy Institute Limited","2018-2019",0,7646,2018-07-01,2019-06-30
"Defence Housing Australia","2018-2019",0,1307970,2018-07-01,2019-06-30
"RAAF Welfare Recreational Company","2018-2019",0,629,2018-07-01,2019-06-30
"Royal Australian Air Force Veterans Residences Trust Fund","2018-2019",0,580,2018-07-01,2019-06-30
"Royal Australian Air Force Welfare Trust Fund","2018-2019",0,1934,2018-07-01,2019-06-30
"Royal Australian Navy Central Canteens Board (Royal Australian Navy Central Canteens Fund)","2018-2019",0,15916,2018-07-01,2019-06-30
"Royal Australian Navy Relief Trust Fund","2018-2019",0,723,2018-07-01,2019-06-30
"Australian Signals Directorate","2018-2019",824615,2715,2018-07-01,2019-06-30
"Department of Veterans' Affairs","2018-2019",390081,7526,2018-07-01,2019-06-30
"Australian War Memorial","2018-2019",62333,8299,2018-07-01,2019-06-30
"Department of Education and Training","2018-2019",375459,12027,2018-07-01,2019-06-30
"Australian Curriculum, Assessment and Reporting Authority","2018-2019",0,28478,2018-07-01,2019-06-30
"Australian Institute for Teaching and School Leadership Limited","2018-2019",0,14685,2018-07-01,2019-06-30
"Australian Research Council","2018-2019",22668,500,2018-07-01,2019-06-30
"Australian Skills Quality Authority","2018-2019",39159,264,2018-07-01,2019-06-30
"Tertiary Education Quality and Standards Agency","2018-2019",19584,263,2018-07-01,2019-06-30
"Department of the Environment and Energy","2018-2019",499389,34566,2018-07-01,2019-06-30
"Australian Renewable Energy Agency","2018-2019",2463,313143,2018-07-01,2019-06-30
"Clean Energy Finance Corporation","2018-2019",0,162163,2018-07-01,2019-06-30
"Director of National Parks","2018-2019",47615,23431,2018-07-01,2019-06-30
"Sydney Harbour Federation Trust","2018-2019",0,18806,2018-07-01,2019-06-30
"Bureau of Meteorology","2018-2019",405325,81135,2018-07-01,2019-06-30
"Clean Energy Regulator","2018-2019",71040,0,2018-07-01,2019-06-30
"Climate Change Authority","2018-2019",0,1555,2018-07-01,2019-06-30
"Great Barrier Reef Marine Park Authority","2018-2019",54853,11083,2018-07-01,2019-06-30
"Department of Finance","2018-2019",306360,95167,2018-07-01,2019-06-30
"Commonwealth Superannuation Corporation","2018-2019",0,0,2018-07-01,2019-06-30
"Australian Electoral Commission","2018-2019",414164,11038,2018-07-01,2019-06-30
"Future Fund Management Agency","2018-2019",0,0,2018-07-01,2019-06-30
"Independent Parliamentary Expenses Authority","2018-2019",9981,0,2018-07-01,2019-06-30
"Department of Foreign Affairs and Trade","2018-2019",1498084,112728,2018-07-01,2019-06-30
"Tourism Australia","2018-2019",132488,35127,2018-07-01,2019-06-30
"Australian Centre for International Agricultural Research","2018-2019",9547,2259,2018-07-01,2019-06-30
"Australian Secret Intelligence Service","2018-2019",376565,89600,2018-07-01,2019-06-30
"Australian Trade and Investment Commission","2018-2019",217222,27400,2018-07-01,2019-06-30
"Department of Health","2018-2019",698899,20883,2018-07-01,2019-06-30
"Australian Commission on Safety and Quality in Health Care","2018-2019",0,21614,2018-07-01,2019-06-30
"Australian Digital Health Agency","2018-2019",256812,32889,2018-07-01,2019-06-30
"Australian Institute of Health and Welfare","2018-2019",33947,35330,2018-07-01,2019-06-30
"Australian Sports Commission","2018-2019",314335,22703,2018-07-01,2019-06-30
"Australian Sports Foundation Limited","2018-2019",0,42220,2018-07-01,2019-06-30
"Food Standards Australia New Zealand","2018-2019",16899,2350,2018-07-01,2019-06-30
"Independent Hospital Pricing Authority","2018-2019",0,16037,2018-07-01,2019-06-30
"Australian Aged Care Quality Agency","2018-2019",31109,14286,2018-07-01,2019-06-30
"Australian Organ and Tissue Donation and Transplantation Authority","2018-2019",5710,0,2018-07-01,2019-06-30
"Australian Radiation Protection and Nuclear Safety Agency","2018-2019",14703,0,2018-07-01,2019-06-30
"Australian Sports Anti-Doping Authority","2018-2019",15670,2147,2018-07-01,2019-06-30
"Cancer Australia","2018-2019",11169,2232,2018-07-01,2019-06-30
"National Blood Authority","2018-2019",6299,0,2018-07-01,2019-06-30
"National Health Funding Body","2018-2019",5378,0,2018-07-01,2019-06-30
"National Health and Medical Research Council","2018-2019",38012,6846,2018-07-01,2019-06-30
"National Mental Health Commission","2018-2019",5867,2050,2018-07-01,2019-06-30
"Professional Services Review","2018-2019",6068,0,2018-07-01,2019-06-30
"Department of Home Affairs","2018-2019",2660511,218411,2018-07-01,2019-06-30
"Australian Criminal Intelligence Commission","2018-2019",128190,22868,2018-07-01,2019-06-30
"Australian Federal Police","2018-2019",1180085,272916,2018-07-01,2019-06-30
"Australian Institute of Criminology","2018-2019",4997,0,2018-07-01,2019-06-30
"Australian Transaction Reports and Analysis Centre","2018-2019",78759,5328,2018-07-01,2019-06-30
"Department of Human Services","2018-2019",4561486,255110,2018-07-01,2019-06-30
"Department of Infrastructure, Regional Development and Cities","2018-2019",211371,3386,2018-07-01,2019-06-30
"Australian Maritime Safety Authority","2018-2019",77605,151163,2018-07-01,2019-06-30
"Civil Aviation Safety Authority","2018-2019",43936,144600,2018-07-01,2019-06-30
"Infrastructure Australia","2018-2019",11514,80,2018-07-01,2019-06-30
"National Transport Commission","2018-2019",3476,6485,2018-07-01,2019-06-30
"Australian Transport Safety Bureau","2018-2019",20989,1778,2018-07-01,2019-06-30
"Infrastructure and Project Financing Agency","2018-2019",4198,0,2018-07-01,2019-06-30
"National Capital Authority","2018-2019",20289,2494,2018-07-01,2019-06-30
"Department of Industry, Innovation and Science","2018-2019",418407,66110,2018-07-01,2019-06-30
"Australian Institute of Marine Science","2018-2019",47527,25455,2018-07-01,2019-06-30
"Australian Nuclear Science and Technology Organisation","2018-2019",242533,119261,2018-07-01,2019-06-30
"Commonwealth Scientific and Industrial Research Organisation","2018-2019",843661,584348,2018-07-01,2019-06-30
"National Offshore Petroleum Safety and Environmental Management Authority","2018-2019",0,34843,2018-07-01,2019-06-30
"Northern Australia Infrastructure Facility","2018-2019",9505,30,2018-07-01,2019-06-30
"Geoscience Australia","2018-2019",199461,40129,2018-07-01,2019-06-30
"IP Australia","2018-2019",368,0,2018-07-01,2019-06-30
"Department of Jobs and Small Business","2018-2019",359055,53329,2018-07-01,2019-06-30
"Comcare","2018-2019",5989,407468,2018-07-01,2019-06-30
"Asbestos Safety and Eradication Agency","2018-2019",3377,225,2018-07-01,2019-06-30
"Australian Building and Construction Commission","2018-2019",32721,370,2018-07-01,2019-06-30
"Fair Work Commission","2018-2019",76419,2000,2018-07-01,2019-06-30
"Fair Work Ombudsman and Registered Organisations Commission Entity","2018-2019",124976,1000,2018-07-01,2019-06-30
"Safe Work Australia","2018-2019",10323,0,2018-07-01,2019-06-30
"Seafarers Safety, Rehabilitation and Compensation Authority","2018-2019",0,0,2018-07-01,2019-06-30
"Department of the Prime Minister and Cabinet","2018-2019",421227,16833,2018-07-01,2019-06-30
"Aboriginal Hostels Limited","2018-2019",36323,21087,2018-07-01,2019-06-30
"Australian Institute of Aboriginal and Torres Strait Islander Studies","2018-2019",20462,5960,2018-07-01,2019-06-30
"Indigenous Business Australia","2018-2019",32612,191422,2018-07-01,2019-06-30
"Indigenous Land Corporation","2018-2019",8749,76490,2018-07-01,2019-06-30
"National Australia Day Council Limited","2018-2019",0,6281,2018-07-01,2019-06-30
"Outback Stores Pty Ltd","2018-2019",0,23053,2018-07-01,2019-06-30
"Torres Strait Regional Authority","2018-2019",37872,11510,2018-07-01,2019-06-30
"Australian National Audit Office","2018-2019",71048,4100,2018-07-01,2019-06-30
"Australian Public Service Commission","2018-2019",21710,20903,2018-07-01,2019-06-30
"Digital Transformation Agency","2018-2019",115356,2171,2018-07-01,2019-06-30
"Office of the Commonwealth Ombudsman","2018-2019",36045,2330,2018-07-01,2019-06-30
"Office of the Inspector-General of Intelligence and Security","2018-2019",9917,127,2018-07-01,2019-06-30
"Office of National Assessments","2018-2019",57989,0,2018-07-01,2019-06-30
"Office of the Official Secretary to the Governor-General","2018-2019",12629,0,2018-07-01,2019-06-30
"Workplace Gender Equality Agency","2018-2019",5055,100,2018-07-01,2019-06-30
"Department of Social Services","2018-2019",414607,40730,2018-07-01,2019-06-30
"National Disability Insurance Scheme Launch Transition Agency","2018-2019",1477674,13193421,2018-07-01,2019-06-30
"Australian Institute of Family Studies","2018-2019",4601,10296,2018-07-01,2019-06-30
"NDIS Quality and Safeguards Commission","2018-2019",37270,0,2018-07-01,2019-06-30
"Department of the Treasury","2018-2019",194255,12423,2018-07-01,2019-06-30
"Financial Adviser Standards and Ethics Authority Ltd","2018-2019",0,4163,2018-07-01,2019-06-30
"National Housing Finance and Investment Corporation","2018-2019",0,54532,2018-07-01,2019-06-30
"Australian Bureau of Statistics","2018-2019",368919,47674,2018-07-01,2019-06-30
"Australian Competition and Consumer Commission","2018-2019",213617,3953,2018-07-01,2019-06-30
"Australian Office of Financial Management","2018-2019",11499,371,2018-07-01,2019-06-30
"Australian Prudential Regulation Authority","2018-2019",126,5503,2018-07-01,2019-06-30
"Australian Securities and Investments Commission","2018-2019",372272,8162,2018-07-01,2019-06-30
"Australian Taxation Office","2018-2019",3393633,122798,2018-07-01,2019-06-30
"Commonwealth Grants Commission","2018-2019",6128,0,2018-07-01,2019-06-30
"Inspector General of Taxation","2018-2019",6481,0,2018-07-01,2019-06-30
"National Competition Council","2018-2019",1990,0,2018-07-01,2019-06-30
"Office of the Auditing and Assurance Standards Board","2018-2019",2117,0,2018-07-01,2019-06-30
"Office of the Australian Accounting Standards Board","2018-2019",3597,1127,2018-07-01,2019-06-30
"Productivity Commission","2018-2019",34367,9,2018-07-01,2019-06-30
"Royal Australian Mint","2018-2019",0,0,2018-07-01,2019-06-30
"Department of the Senate","2017-2018",24301,450,2017-07-01,2018-06-30
"Department of the House of Representatives","2017-2018",24801,529,2017-07-01,2018-06-30
"Department of Parliamentary Services","2017-2018",140626,16239,2017-07-01,2018-06-30
"Parliamentary Budget Office","2017-2018",7541,0,2017-07-01,2018-06-30
"Department of Agriculture and Water Resources","2017-2018",404933,23853,2017-07-01,2018-06-30
"Australian Grape and Wine Authority","2017-2018",0,54671,2017-07-01,2018-06-30
"Australian Pesticides and Veterinary Medicines Authority","2017-2018",5995,32550,2017-07-01,2018-06-30
"Cotton Research and Development Corporation","2017-2018",0,26903,2017-07-01,2018-06-30
"Fisheries Research and Development Corporation","2017-2018",0,37339,2017-07-01,2018-06-30
"Grains Research and Development Corporation","2017-2018",0,199605,2017-07-01,2018-06-30
"Murray-Darling Basin Authority","2017-2018",77470,97231,2017-07-01,2018-06-30
"Rural Industries Research and Development Corporation","2017-2018",0,27224,2017-07-01,2018-06-30
"Australian Fisheries Management Authority","2017-2018",20514,3139,2017-07-01,2018-06-30
"Attorney-General's Department","2017-2018",230722,42613,2017-07-01,2018-06-30
"Australian Human Rights Commission","2017-2018",14439,6364,2017-07-01,2018-06-30
"Administrative Appeals Tribunal","2017-2018",159838,0,2017-07-01,2018-06-30
"Australian Commission for Law Enforcement Integrity","2017-2018",11046,575,2017-07-01,2018-06-30
"Australian Criminal Intelligence Commission","2017-2018",91143,8332,2017-07-01,2018-06-30
"Australian Federal Police","2017-2018",1149073,256173,2017-07-01,2018-06-30
"Australian Financial Security Authority","2017-2018",54818,49569,2017-07-01,2018-06-30
"Australian Security Intelligence Organisation","2017-2018",499931,22414,2017-07-01,2018-06-30
"Australian Transaction Reports and Analysis Centre","2017-2018",64551,2537,2017-07-01,2018-06-30
"Federal Court of Australia","2017-2018",263052,3944,2017-07-01,2018-06-30
"High Court of Australia","2017-2018",17930,630,2017-07-01,2018-06-30
"National Archives of Australia","2017-2018",68450,1810,2017-07-01,2018-06-30
"Office of the Australian Information Commissioner","2017-2018",10361,3587,2017-07-01,2018-06-30
"Office of the Director of Public Prosecutions","2017-2018",81774,7424,2017-07-01,2018-06-30
"Office of Parliamentary Counsel","2017-2018",15204,6214,2017-07-01,2018-06-30
"Department of Communications and the Arts","2017-2018",106869,95,2017-07-01,2018-06-30
"Australia Business Arts Foundation Limited","2017-2018",0,4071,2017-07-01,2018-06-30
"Australia Council","2017-2018",209393,2101,2017-07-01,2018-06-30
"Australian Broadcasting Corporation","2017-2018",1043680,88700,2017-07-01,2018-06-30
"Australian Film, Television and Radio School","2017-2018",22683,9593,2017-07-01,2018-06-30
"Australian National Maritime Museum","2017-2018",28707,12308,2017-07-01,2018-06-30
"Bundanon Trust","2017-2018",0,2652,2017-07-01,2018-06-30
"National Film and Sound Archive of Australia","2017-2018",25830,1967,2017-07-01,2018-06-30
"National Gallery of Australia","2017-2018",47415,11936,2017-07-01,2018-06-30
"National Library of Australia","2017-2018",61399,12526,2017-07-01,2018-06-30
"National Museum of Australia","2017-2018",43365,6714,2017-07-01,2018-06-30
"National Portrait Gallery of Australia","2017-2018",11002,2413,2017-07-01,2018-06-30
"Old Parliament House","2017-2018",18573,0,2017-07-01,2018-06-30
"Screen Australia","2017-2018",11394,77795,2017-07-01,2018-06-30
"Special Broadcasting Service Corporation","2017-2018",280058,101626,2017-07-01,2018-06-30
"Australian Communications and Media Authority","2017-2018",88312,3449,2017-07-01,2018-06-30
"Department of Defence","2017-2018",34570533,621628,2017-07-01,2018-06-30
"AAF Company","2017-2018",0,672,2017-07-01,2018-06-30
"Army and Air Force Canteen Service","2017-2018",0,34422,2017-07-01,2018-06-30
"Australian Military Forces Relief Trust Fund","2017-2018",0,601,2017-07-01,2018-06-30
"Australian Strategic Policy Institute Limited","2017-2018",0,7480,2017-07-01,2018-06-30
"Defence Housing Australia","2017-2018",0,1384817,2017-07-01,2018-06-30
"RAAF Welfare Recreational Company","2017-2018",0,751,2017-07-01,2018-06-30
"Royal Australian Air Force Veterans Residences Trust Fund","2017-2018",0,568,2017-07-01,2018-06-30
"Royal Australian Air Force Welfare Trust Fund","2017-2018",0,1761,2017-07-01,2018-06-30
"Royal Australian Navy Central Canteens Board (Royal Australian Navy Central Canteens Fund)","2017-2018",0,17375,2017-07-01,2018-06-30
"Royal Australian Navy Relief Trust Fund","2017-2018",0,723,2017-07-01,2018-06-30
"Department of Veterans' Affairs","2017-2018",389319,6905,2017-07-01,2018-06-30
"Australian War Memorial","2017-2018",56390,8769,2017-07-01,2018-06-30
"Department of Education and Training","2017-2018",367493,13946,2017-07-01,2018-06-30
"Australian Curriculum, Assessment and Reporting Authority","2017-2018",0,28563,2017-07-01,2018-06-30
"Australian Institute of Aboriginal and Torres Strait Islander Studies","2017-2018",19567,0,2017-07-01,2018-06-30
"Australian Institute for Teaching and School Leadership Limited","2017-2018",0,14504,2017-07-01,2018-06-30
"Australian Research Council","2017-2018",23095,0,2017-07-01,2018-06-30
"Australian Skills Quality Authority","2017-2018",33577,0,2017-07-01,2018-06-30
"Australian Skills Quality Authority","2017-2018",13149,260,2017-07-01,2018-06-30
"Department of Employment","2017-2018",363455,49383,2017-07-01,2018-06-30
"Comcare","2017-2018",6020,426116,2017-07-01,2018-06-30
"Comcare","2017-2018",4076,0,2017-07-01,2018-06-30
"Australian Building and Construction Commission","2017-2018",32963,370,2017-07-01,2018-06-30
"Fair Work Commission","2017-2018",76515,2400,2017-07-01,2018-06-30
"Fair Work Ombudsman and Registered Organisations Commission Entity","2017-2018",120692,1190,2017-07-01,2018-06-30
"Office of the Fair Work Ombudsman","2017-2018",0,0,2017-07-01,2018-06-30
"Safe Work Australia","2017-2018",10095,0,2017-07-01,2018-06-30
"Seafarers Safety, Rehabilitation and Compensation Authority","2017-2018",0,0,2017-07-01,2018-06-30
"Seafarers Safety, Rehabilitation and Compensation Authority","2017-2018",5076,100,2017-07-01,2018-06-30
"Department of the Environment and Energy","2017-2018",614725,34348,2017-07-01,2018-06-30
"Department of the Environment and Energy","2017-2018",2073,258925,2017-07-01,2018-06-30
"Clean Energy Finance Corporation","2017-2018",0,84299,2017-07-01,2018-06-30
"Director of National Parks","2017-2018",376,68815,2017-07-01,2018-06-30
"Sydney Harbour Federation Trust","2017-2018",0,17663,2017-07-01,2018-06-30
"Bureau of Meteorology","2017-2018",318085,79522,2017-07-01,2018-06-30
"Clean Energy Regulator","2017-2018",71136,0,2017-07-01,2018-06-30
"Climate Change Authority","2017-2018",0,1456,2017-07-01,2018-06-30
"Great Barrier Reef Marine Park Authority","2017-2018",37797,25865,2017-07-01,2018-06-30
"Department of Finance","2017-2018",327612,22899,2017-07-01,2018-06-30
"Commonwealth Superannuation Corporation","2017-2018",0,0,2017-07-01,2018-06-30
"Australian Electoral Commission","2017-2018",142940,11038,2017-07-01,2018-06-30
"Australian Electoral Commission","2017-2018",0,0,2017-07-01,2018-06-30
"Australian Electoral Commission","2017-2018",10142,0,2017-07-01,2018-06-30
"Australian Electoral Commission","2017-2018",0,0,2017-07-01,2018-06-30
"Department of Foreign Affairs and Trade","2017-2018",1477462,97228,2017-07-01,2018-06-30
"Tourism Australia","2017-2018",129308,0,2017-07-01,2018-06-30
"Australian Centre for International Agricultural Research","2017-2018",9609,1787,2017-07-01,2018-06-30
"Australian Secret Intelligence Service","2017-2018",320835,79000,2017-07-01,2018-06-30
"Australian Trade and Investment Commission","2017-2018",207945,27400,2017-07-01,2018-06-30
"Department of Health","2017-2018",649855,64456,2017-07-01,2018-06-30
"Australian Commission on Safety and Quality in Health Care","2017-2018",0,21497,2017-07-01,2018-06-30
"Australian Commission on Safety and Quality in Health Care","2017-2018",250526,34050,2017-07-01,2018-06-30
"Australian Institute of Health and Welfare","2017-2018",28078,33030,2017-07-01,2018-06-30
"Australian Sports Commission","2017-2018",265664,23672,2017-07-01,2018-06-30
"Australian Sports Foundation Limited","2017-2018",0,38200,2017-07-01,2018-06-30
"Food Standards Australia New Zealand","2017-2018",16961,2169,2017-07-01,2018-06-30
"Independent Hospital Pricing Authority","2017-2018",0,16422,2017-07-01,2018-06-30
"Independent Hospital Pricing Authority","2017-2018",28458,22457,2017-07-01,2018-06-30
"Australian Organ and Tissue Donation and Transplantation Authority","2017-2018",5704,0,2017-07-01,2018-06-30
"Australian Organ and Tissue Donation and Transplantation Authority","2017-2018",19794,0,2017-07-01,2018-06-30
"Australian Sports Anti-Doping Authority","2017-2018",13813,4269,2017-07-01,2018-06-30
"Cancer Australia","2017-2018",11191,127,2017-07-01,2018-06-30
"National Blood Authority","2017-2018",6158,0,2017-07-01,2018-06-30
"National Health Funding Body","2017-2018",5844,0,2017-07-01,2018-06-30
"National Health and Medical Research Council","2017-2018",43055,1500,2017-07-01,2018-06-30
"National Mental Health Commission","2017-2018",2736,0,2017-07-01,2018-06-30
"Professional Services Review","2017-2018",5691,0,2017-07-01,2018-06-30
"Department of Immigration and Border Protection","2017-2018",2711231,174999,2017-07-01,2018-06-30
"Department of Industry, Innovation and Science","2017-2018",413199,78632,2017-07-01,2018-06-30
"Australian Institute of Marine Science","2017-2018",43516,21328,2017-07-01,2018-06-30
"Australian Nuclear Science and Technology Organisation","2017-2018",219156,99420,2017-07-01,2018-06-30
"Commonwealth Scientific and Industrial Research Organisation","2017-2018",803549,556141,2017-07-01,2018-06-30
"Northern Australia Infrastructure Facility","2017-2018",8504,0,2017-07-01,2018-06-30
"Geoscience Australia","2017-2018",155770,43643,2017-07-01,2018-06-30
"IP Australia","2017-2018",375,0,2017-07-01,2018-06-30
"National Offshore Petroleum Safety and Environmental Management Authority","2017-2018",0,32373,2017-07-01,2018-06-30
"Department of Infrastructure and Regional Development","2017-2018",291310,6615,2017-07-01,2018-06-30
"Australian Maritime Safety Authority","2017-2018",69548,140891,2017-07-01,2018-06-30
"Civil Aviation Safety Authority","2017-2018",41313,142437,2017-07-01,2018-06-30
"Infrastructure Australia","2017-2018",11592,75,2017-07-01,2018-06-30
"National Transport Commission","2017-2018",3400,6758,2017-07-01,2018-06-30
"Australian Transport Safety Bureau","2017-2018",23299,1595,2017-07-01,2018-06-30
"National Capital Authority","2017-2018",19679,2477,2017-07-01,2018-06-30
"Department of the Prime Minister and Cabinet","2017-2018",478086,9261,2017-07-01,2018-06-30
"Aboriginal Hostels Limited","2017-2018",36563,22363,2017-07-01,2018-06-30
"Indigenous Business Australia","2017-2018",32983,151065,2017-07-01,2018-06-30
"Indigenous Land Corporation","2017-2018",8928,56996,2017-07-01,2018-06-30
"Outback Stores Pty Ltd","2017-2018",0,23053,2017-07-01,2018-06-30
"Torres Strait Regional Authority","2017-2018",37056,11830,2017-07-01,2018-06-30
"Australian National Audit Office","2017-2018",72243,3800,2017-07-01,2018-06-30
"Australian Public Service Commission","2017-2018",23225,19002,2017-07-01,2018-06-30
"Australian Public Service Commission","2017-2018",71431,0,2017-07-01,2018-06-30
"Australian Public Service Commission","2017-2018",4317,0,2017-07-01,2018-06-30
"Office of the Commonwealth Ombudsman","2017-2018",24281,14949,2017-07-01,2018-06-30
"Office of the Inspector-General of Intelligence and Security","2017-2018",3182,0,2017-07-01,2018-06-30
"Office of National Assessments","2017-2018",35928,0,2017-07-01,2018-06-30
"Office of the Official Secretary to the Governor-General","2017-2018",11323,0,2017-07-01,2018-06-30
"Department of Social Services","2017-2018",464656,37497,2017-07-01,2018-06-30
"Department of Social Services","2017-2018",1026117,6613927,2017-07-01,2018-06-30
"Australian Institute of Family Studies","2017-2018",5780,7534,2017-07-01,2018-06-30
"Department of Human Services","2017-2018",4837414,263821,2017-07-01,2018-06-30
"Department of the Treasury","2017-2018",206776,12704,2017-07-01,2018-06-30
"Australian Bureau of Statistics","2017-2018",372163,57904,2017-07-01,2018-06-30
"Australian Competition and Consumer Commission","2017-2018",192409,4269,2017-07-01,2018-06-30
"Australian Office of Financial Management","2017-2018",11580,361,2017-07-01,2018-06-30
"Australian Prudential Regulation Authority","2017-2018",731,5695,2017-07-01,2018-06-30
"Australian Securities and Investments Commission","2017-2018",383276,4563,2017-07-01,2018-06-30
"Australian Taxation Office","2017-2018",3339788,128294,2017-07-01,2018-06-30
"Commonwealth Grants Commission","2017-2018",6188,0,2017-07-01,2018-06-30
"Inspector General of Taxation","2017-2018",6525,0,2017-07-01,2018-06-30
"National Competition Council","2017-2018",5970,0,2017-07-01,2018-06-30
"Office of the Auditing and Assurance Standards Board","2017-2018",2133,0,2017-07-01,2018-06-30
"Office of the Australian Accounting Standards Board","2017-2018",3627,777,2017-07-01,2018-06-30
"Productivity Commission","2017-2018",35060,272,2017-07-01,2018-06-30
"Royal Australian Mint","2017-2018",0,0,2017-07-01,2018-06-30
"Department of the Senate","2016-2017",23758,450,2016-07-01,2017-06-30
"Department of the House of Representatives","2016-2017",24801,811,2016-07-01,2017-06-30
"Department of Parliamentary Services","2016-2017",141084,7619,2016-07-01,2017-06-30
"Parliamentary Budget Office","2016-2017",8122,0,2016-07-01,2017-06-30
"Department of Agriculture and Water Resources","2016-2017",388907,24572,2016-07-01,2017-06-30
"Australian Grape and Wine Authority","2016-2017",0,36314,2016-07-01,2017-06-30
"Cotton Research and Development Corporation","2016-2017",0,13345,2016-07-01,2017-06-30
"Fisheries Research and Development Corporation","2016-2017",0,30569,2016-07-01,2017-06-30
"Grains Research and Development Corporation","2016-2017",0,199117,2016-07-01,2017-06-30
"Rural Industries Research and Development Corporation","2016-2017",0,21106,2016-07-01,2017-06-30
"Murray-Darling Basin Authority","2016-2017",84746,91184,2016-07-01,2017-06-30
"Australian Fisheries Management Authority","2016-2017",20922,3127,2016-07-01,2017-06-30
"Australian Pesticides and Veterinary Medicines Authority","2016-2017",3522,32848,2016-07-01,2017-06-30
"Attorney-General's Department","2016-2017",208379,33579,2016-07-01,2017-06-30
"Administrative Appeals Tribunal","2016-2017",164574,0,2016-07-01,2017-06-30
"Australian Commission for Law Enforcement Integrity","2016-2017",10799,575,2016-07-01,2017-06-30
"Australian Crime Commission","2016-2017",91997,21139,2016-07-01,2017-06-30
"Australian Federal Police","2016-2017",1113209,258387,2016-07-01,2017-06-30
"Australian Financial Security Authority","2016-2017",53687,49497,2016-07-01,2017-06-30
"Australian Human Rights Commission","2016-2017",14593,7885,2016-07-01,2017-06-30
"Australian Institute of Criminology","2016-2017",5104,3107,2016-07-01,2017-06-30
"Australian Law Reform Commission","2016-2017",2767,5,2016-07-01,2017-06-30
"Australian Security Intelligence Organisation","2016-2017",445215,21398,2016-07-01,2017-06-30
"Australian Transaction Reports and Analysis Centre","2016-2017",70868,2235,2016-07-01,2017-06-30
"CrimTrac Agency","2016-2017",2681,0,2016-07-01,2017-06-30
"Federal Court of Australia","2016-2017",255596,3318,2016-07-01,2017-06-30
"High Court of Australia","2016-2017",17344,615,2016-07-01,2017-06-30
"National Archives of Australia","2016-2017",75826,2324,2016-07-01,2017-06-30
"Office of the Australian Information Commissioner","2016-2017",10622,3777,2016-07-01,2017-06-30
"Office of the Director of Public Prosecutions","2016-2017",79185,7392,2016-07-01,2017-06-30
"Office of Parliamentary Counsel","2016-2017",14085,6246,2016-07-01,2017-06-30
"Department of Communications and the Arts","2016-2017",107587,95,2016-07-01,2017-06-30
"Australia Business Arts Foundation Limited","2016-2017",0,4392,2016-07-01,2017-06-30
"Australia Council","2016-2017",183424,10687,2016-07-01,2017-06-30
"Australian Broadcasting Corporation","2016-2017",1036090,78313,2016-07-01,2017-06-30
"Australian Film, Television and Radio School","2016-2017",22985,8087,2016-07-01,2017-06-30
"Australian National Maritime Museum","2016-2017",22779,11796,2016-07-01,2017-06-30
"Bundanon Trust","2016-2017",0,2734,2016-07-01,2017-06-30
"National Film and Sound Archive of Australia","2016-2017",25130,1700,2016-07-01,2017-06-30
"National Gallery of Australia","2016-2017",48055,11896,2016-07-01,2017-06-30
"National Library of Australia","2016-2017",57763,12664,2016-07-01,2017-06-30
"National Museum of Australia","2016-2017",41264,5654,2016-07-01,2017-06-30
"National Portrait Gallery of Australia","2016-2017",11154,2257,2016-07-01,2017-06-30
"Screen Australia","2016-2017",13983,78673,2016-07-01,2017-06-30
"Special Broadcasting Service Corporation","2016-2017",281598,97438,2016-07-01,2017-06-30
"Australian Communications and Media Authority","2016-2017",88290,900,2016-07-01,2017-06-30
"Old Parliament House","2016-2017",13381,0,2016-07-01,2017-06-30
"Department of Defence","2016-2017",32337852,1098150,2016-07-01,2017-06-30
"AAF Company","2016-2017",0,361,2016-07-01,2017-06-30
"Army and Air Force Canteen Service","2016-2017",0,33596,2016-07-01,2017-06-30
"Australian Military Forces Relief Trust Fund","2016-2017",0,492,2016-07-01,2017-06-30
"Australian Strategic Policy Institute Limited","2016-2017",0,6073,2016-07-01,2017-06-30
"Defence Housing Australia","2016-2017",0,1539526,2016-07-01,2017-06-30
"RAAF Welfare Recreational Company","2016-2017",0,732,2016-07-01,2017-06-30
"Royal Australian Air Force Veterans Residences Trust Fund","2016-2017",0,555,2016-07-01,2017-06-30
"Royal Australian Air Force Welfare Trust Fund","2016-2017",0,1743,2016-07-01,2017-06-30
"Royal Australian Navy Central Canteens Board (Royal Australian Navy Central Canteens Fund)","2016-2017",0,18999,2016-07-01,2017-06-30
"Royal Australian Navy Relief Trust Fund","2016-2017",0,723,2016-07-01,2017-06-30
"Department of Veterans' Affairs","2016-2017",338918,6746,2016-07-01,2017-06-30
"Australian War Memorial","2016-2017",49874,11098,2016-07-01,2017-06-30
"Department of Education and Training","2016-2017",345329,19574,2016-07-01,2017-06-30
"Australian Curriculum, Assessment and Reporting Authority","2016-2017",0,27460,2016-07-01,2017-06-30
"Australian Institute of Aboriginal and Torres Strait Islander Studies","2016-2017",19891,0,2016-07-01,2017-06-30
"Australian Institute for Teaching and School Leadership Limited","2016-2017",0,13031,2016-07-01,2017-06-30
"Australian Research Council","2016-2017",26626,0,2016-07-01,2017-06-30
"Australian Skills Quality Authority","2016-2017",35352,0,2016-07-01,2017-06-30
"Tertiary Education Quality and Standards Agency","2016-2017",12223,302,2016-07-01,2017-06-30
"Department of Employment","2016-2017",317091,13604,2016-07-01,2017-06-30
"Comcare","2016-2017",6119,536494,2016-07-01,2017-06-30
"Asbestos Safety and Eradication Agency","2016-2017",4662,0,2016-07-01,2017-06-30
"Fair Work Commission","2016-2017",78629,2429,2016-07-01,2017-06-30
"Office of the Fair Work Building Industry Inspectorate","2016-2017",33637,370,2016-07-01,2017-06-30
"Office of the Fair Work Ombudsman","2016-2017",110986,1550,2016-07-01,2017-06-30
"Safe Work Australia","2016-2017",9821,0,2016-07-01,2017-06-30
"Seafarers Safety, Rehabilitation and Compensation Authority","2016-2017",0,0,2016-07-01,2017-06-30
"Workplace Gender Equality Agency","2016-2017",5085,100,2016-07-01,2017-06-30
"Department of the Environment","2016-2017",545225,31204,2016-07-01,2017-06-30
"Australian Renewable Energy Agency","2016-2017",1221,189037,2016-07-01,2017-06-30
"Clean Energy Finance Corporation","2016-2017",0,50977,2016-07-01,2017-06-30
"Director of National Parks","2016-2017",619,62051,2016-07-01,2017-06-30
"Sydney Harbour Federation Trust","2016-2017",0,17093,2016-07-01,2017-06-30
"Bureau of Meteorology","2016-2017",293620,71363,2016-07-01,2017-06-30
"Clean Energy Regulator","2016-2017",72314,0,2016-07-01,2017-06-30
"Climate Change Authority","2016-2017",2563,0,2016-07-01,2017-06-30
"Great Barrier Reef Marine Park Authority","2016-2017",28012,21037,2016-07-01,2017-06-30
"Department of Finance","2016-2017",349939,18799,2016-07-01,2017-06-30
"Commonwealth Superannuation Corporation","2016-2017",0,0,2016-07-01,2017-06-30
"Australian Electoral Commission","2016-2017",319518,10952,2016-07-01,2017-06-30
"Future Fund Management Agency","2016-2017",0,0,2016-07-01,2017-06-30
"Department of Foreign Affairs and Trade","2016-2017",1512582,81599,2016-07-01,2017-06-30
"Tourism Australia","2016-2017",140266,0,2016-07-01,2017-06-30
"Australian Centre for International Agricultural Research","2016-2017",9741,1627,2016-07-01,2017-06-30
"Australian Secret Intelligence Service","2016-2017",307538,53500,2016-07-01,2017-06-30
"Australian Trade and Investment Commission","2016-2017",213461,25100,2016-07-01,2017-06-30
"Department of Health","2016-2017",650559,66361,2016-07-01,2017-06-30
"Australian Commission on Safety and Quality in Health Care","2016-2017",0,19354,2016-07-01,2017-06-30
"Australian Digital Health Agency","2016-2017",120892,85675,2016-07-01,2017-06-30
"Australian Institute of Health and Welfare","2016-2017",26918,35308,2016-07-01,2017-06-30
"Australian Sports Commission","2016-2017",250669,22735,2016-07-01,2017-06-30
"Australian Sports Foundation Limited","2016-2017",0,35180,2016-07-01,2017-06-30
"Food Standards Australia New Zealand","2016-2017",17184,1993,2016-07-01,2017-06-30
"Independent Hospital Pricing Authority","2016-2017",0,15856,2016-07-01,2017-06-30
"National Health Performance Authority","2016-2017",0,0,2016-07-01,2017-06-30
"Australian Aged Care Quality Agency","2016-2017",29512,6580,2016-07-01,2017-06-30
"Australian Organ and Tissue Donation and Transplantation Authority","2016-2017",5784,0,2016-07-01,2017-06-30
"Australian Radiation Protection and Nuclear Safety Agency","2016-2017",15173,0,2016-07-01,2017-06-30
"Australian Sports Anti-Doping Authority","2016-2017",12304,0,2016-07-01,2017-06-30
"Cancer Australia","2016-2017",11356,130,2016-07-01,2017-06-30
"National Blood Authority","2016-2017",6271,0,2016-07-01,2017-06-30
"National Health Funding Body","2016-2017",4307,0,2016-07-01,2017-06-30
"National Health and Medical Research Council","2016-2017",37622,1500,2016-07-01,2017-06-30
"National Mental Health Commission","2016-2017",2928,0,2016-07-01,2017-06-30
"Professional Services Review","2016-2017",5278,0,2016-07-01,2017-06-30
"Department of Immigration and Border Protection","2016-2017",2673949,150614,2016-07-01,2017-06-30
"Department of Industry, Innovation and Science","2016-2017",425715,62862,2016-07-01,2017-06-30
"Australian Institute of Marine Science","2016-2017",41552,20044,2016-07-01,2017-06-30
"Australian Nuclear Science and Technology Organisation","2016-2017",212175,111833,2016-07-01,2017-06-30
"Commonwealth Scientific and Industrial Research Organisation","2016-2017",797267,532037,2016-07-01,2017-06-30
"Geoscience Australia","2016-2017",147907,41890,2016-07-01,2017-06-30
"IP Australia","2016-2017",2092,0,2016-07-01,2017-06-30
"National Offshore Petroleum Safety and Environmental Management Authority","2016-2017",0,32406,2016-07-01,2017-06-30
"Department of Infrastructure and Regional Development","2016-2017",277258,6931,2016-07-01,2017-06-30
"Australian Maritime Safety Authority","2016-2017",65512,147911,2016-07-01,2017-06-30
"Civil Aviation Safety Authority","2016-2017",42350,140690,2016-07-01,2017-06-30
"Infrastructure Australia","2016-2017",11581,14,2016-07-01,2017-06-30
"National Transport Commission","2016-2017",3358,6276,2016-07-01,2017-06-30
"Australian Transport Safety Bureau","2016-2017",18525,910,2016-07-01,2017-06-30
"National Capital Authority","2016-2017",17969,2466,2016-07-01,2017-06-30
"Department of the Prime Minister and Cabinet","2016-2017",389639,10552,2016-07-01,2017-06-30
"Aboriginal Hostels Limited","2016-2017",37075,21177,2016-07-01,2017-06-30
"Indigenous Business Australia","2016-2017",47152,168807,2016-07-01,2017-06-30
"Indigenous Land Corporation","2016-2017",9156,56274,2016-07-01,2017-06-30
"National Australia Day Council Limited","2016-2017",0,0,2016-07-01,2017-06-30
"Outback Stores Pty Ltd","2016-2017",0,23053,2016-07-01,2017-06-30
"Torres Strait Regional Authority","2016-2017",35919,11688,2016-07-01,2017-06-30
"Australian National Audit Office","2016-2017",74004,4000,2016-07-01,2017-06-30
"Australian Public Service Commission","2016-2017",20908,19830,2016-07-01,2017-06-30
"Digital Transformation Office","2016-2017",38456,0,2016-07-01,2017-06-30
"Office of the Commonwealth Ombudsman","2016-2017",20933,1860,2016-07-01,2017-06-30
"Office of the Inspector-General of Intelligence and Security","2016-2017",3143,0,2016-07-01,2017-06-30
"Office of National Assessments","2016-2017",35350,0,2016-07-01,2017-06-30
"Office of the Official Secretary to the Governor-General","2016-2017",11475,0,2016-07-01,2017-06-30
"Department of Social Services","2016-2017",443385,37497,2016-07-01,2017-06-30
"National Disability Insurance Scheme Launch Transition Agency","2016-2017",807998,1814802,2016-07-01,2017-06-30
"Australian Institute of Family Studies","2016-2017",4641,7878,2016-07-01,2017-06-30
"Department of Human Services","2016-2017",4326891,169133,2016-07-01,2017-06-30
"Department of the Treasury","2016-2017",168243,8954,2016-07-01,2017-06-30
"Australian Bureau of Statistics","2016-2017",582471,40753,2016-07-01,2017-06-30
"Australian Competition and Consumer Commission","2016-2017",175755,3947,2016-07-01,2017-06-30
"Australian Office of Financial Management","2016-2017",12068,811,2016-07-01,2017-06-30
"Australian Prudential Regulation Authority","2016-2017",1543,5056,2016-07-01,2017-06-30
"Australian Securities and Investments Commission","2016-2017",395132,4522,2016-07-01,2017-06-30
"Australian Taxation Office","2016-2017",3357313,152374,2016-07-01,2017-06-30
"Commonwealth Grants Commission","2016-2017",6270,0,2016-07-01,2017-06-30
"Inspector General of Taxation","2016-2017",6594,0,2016-07-01,2017-06-30
"National Competition Council","2016-2017",1727,0,2016-07-01,2017-06-30
"Office of the Auditing and Assurance Standards Board","2016-2017",2163,3,2016-07-01,2017-06-30
"Office of the Australian Accounting Standards Board","2016-2017",3677,710,2016-07-01,2017-06-30
"Productivity Commission","2016-2017",34233,1007,2016-07-01,2017-06-30
"Royal Australian Mint","2016-2017",0,0,2016-07-01,2017-06-30
"Department of the Senate","2015-2016",21503,600,2015-07-01,2016-06-30
"Department of the House of Representatives","2015-2016",21810,509,2015-07-01,2016-06-30
"Department of Parliamentary Services","2015-2016",141924,8259,2015-07-01,2016-06-30
"Parliamentary Budget Office","2015-2016",7958,0,2015-07-01,2016-06-30
"Department of Agriculture","2015-2016",314555,22741,2015-07-01,2016-06-30
"Australian Grape and Wine Authority","2015-2016",0,37657,2015-07-01,2016-06-30
"Australian Pesticides and Veterinary Medicines Authority","2015-2016",732,31997,2015-07-01,2016-06-30
"Cotton Research and Development Corporation","2015-2016",0,10979,2015-07-01,2016-06-30
"Fisheries Research and Development Corporation","2015-2016",0,27316,2015-07-01,2016-06-30
"Grains Research and Development Corporation","2015-2016",0,199818,2015-07-01,2016-06-30
"Rural Industries Research and Development Corporation","2015-2016",0,18997,2015-07-01,2016-06-30
"Australian Fisheries Management Authority","2015-2016",20955,3115,2015-07-01,2016-06-30
"Attorney-General's Department","2015-2016",249544,67368,2015-07-01,2016-06-30
"Australia Business Arts Foundation Limited","2015-2016",0,4176,2015-07-01,2016-06-30
"Australia Council","2015-2016",184526,2821,2015-07-01,2016-06-30
"Australian Film, Television and Radio School","2015-2016",24058,6256,2015-07-01,2016-06-30
"Australian Human Rights Commission","2015-2016",15515,6570,2015-07-01,2016-06-30
"Australian National Maritime Museum","2015-2016",23920,10248,2015-07-01,2016-06-30
"Bundanon Trust","2015-2016",0,2603,2015-07-01,2016-06-30
"National Film and Sound Archive of Australia","2015-2016",26612,1718,2015-07-01,2016-06-30
"National Gallery of Australia","2015-2016",49914,11685,2015-07-01,2016-06-30
"National Library of Australia","2015-2016",59904,14639,2015-07-01,2016-06-30
"National Museum of Australia","2015-2016",43385,4271,2015-07-01,2016-06-30
"National Portrait Gallery of Australia","2015-2016",11704,2155,2015-07-01,2016-06-30
"Screen Australia","2015-2016",16720,80835,2015-07-01,2016-06-30
"Administrative Appeals Tribunal","2015-2016",131856,0,2015-07-01,2016-06-30
"Australian Commission for Law Enforcement Integrity","2015-2016",13122,575,2015-07-01,2016-06-30
"Australian Crime Commission","2015-2016",93472,6148,2015-07-01,2016-06-30
"Australian Federal Police","2015-2016",1098721,263021,2015-07-01,2016-06-30
"Australian Financial Security Authority","2015-2016",53284,49415,2015-07-01,2016-06-30
"Australian Institute of Criminology","2015-2016",5290,2856,2015-07-01,2016-06-30
"Australian Law Reform Commission","2015-2016",2842,5,2015-07-01,2016-06-30
"Australian Security Intelligence Organisation","2015-2016",429420,16394,2015-07-01,2016-06-30
"Australian Transaction Reports and Analysis Centre","2015-2016",63801,2083,2015-07-01,2016-06-30
"CrimTrac Agency","2015-2016",0,0,2015-07-01,2016-06-30
"Family Court and Federal Circuit Court","2015-2016",158782,1475,2015-07-01,2016-06-30
"Federal Court of Australia","2015-2016",98998,2769,2015-07-01,2016-06-30
"High Court of Australia","2015-2016",17278,630,2015-07-01,2016-06-30
"National Archives of Australia","2015-2016",65044,2290,2015-07-01,2016-06-30
"Office of the Australian Information Commissioner","2015-2016",8537,3153,2015-07-01,2016-06-30
"Office of Parliamentary Counsel","2015-2016",15195,6290,2015-07-01,2016-06-30
"Office of the Director of Public Prosecutions","2015-2016",77941,7784,2015-07-01,2016-06-30
"Old Parliament House","2015-2016",14069,0,2015-07-01,2016-06-30
"Department of Communications","2015-2016",88663,0,2015-07-01,2016-06-30
"Australian Broadcasting Corporation","2015-2016",1084413,142678,2015-07-01,2016-06-30
"Special Broadcasting Service Corporation","2015-2016",283270,90535,2015-07-01,2016-06-30
"Australian Communications and Media Authority","2015-2016",89204,900,2015-07-01,2016-06-30
"Digital Transformation Office","2015-2016",30867,0,2015-07-01,2016-06-30
"Telecommunications Universal Service Management Agency","2015-2016",0,0,2015-07-01,2016-06-30
"Department of Defence","2015-2016",31851445,1067542,2015-07-01,2016-06-30
"AAF Company","2015-2016",0,687,2015-07-01,2016-06-30
"Army and Air Force Canteen Service","2015-2016",0,22462,2015-07-01,2016-06-30
"Australian Military Forces Relief Trust Fund","2015-2016",0,476,2015-07-01,2016-06-30
"Australian Strategic Policy Institute Limited","2015-2016",0,6230,2015-07-01,2016-06-30
"Defence Housing Australia","2015-2016",0,1190094,2015-07-01,2016-06-30
"RAAF Welfare Recreational Company","2015-2016",0,1022,2015-07-01,2016-06-30
"Royal Australian Air Force Veterans Residences Trust Fund","2015-2016",0,558,2015-07-01,2016-06-30
"Royal Australian Air Force Welfare Trust Fund","2015-2016",0,791,2015-07-01,2016-06-30
"Royal Australian Navy Central Canteens Board (Royal Australian Navy Central Canteens Fund)","2015-2016",0,17831,2015-07-01,2016-06-30
"Royal Australian Navy Relief Trust Fund","2015-2016",0,677,2015-07-01,2016-06-30
"Defence Materiel Organisation","2015-2016",0,0,2015-07-01,2016-06-30
"Department of Veterans' Affairs","2015-2016",298531,9616,2015-07-01,2016-06-30
"Australian War Memorial","2015-2016",51545,9775,2015-07-01,2016-06-30
"Department of Education and Training","2015-2016",285848,17970,2015-07-01,2016-06-30
"Australian Curriculum, Assessment and Reporting Authority","2015-2016",0,25220,2015-07-01,2016-06-30
"Australian Institute for Teaching and School Leadership Limited","2015-2016",0,10200,2015-07-01,2016-06-30
"Australian Institute of Aboriginal and Torres Strait Islander Studies","2015-2016",15009,0,2015-07-01,2016-06-30
"Australian Research Council","2015-2016",23385,0,2015-07-01,2016-06-30
"Australian Skills Quality Authority","2015-2016",42376,0,2015-07-01,2016-06-30
"Tertiary Education Quality and Standards Agency","2015-2016",12328,15,2015-07-01,2016-06-30
"Department of Employment","2015-2016",322277,17713,2015-07-01,2016-06-30
"Comcare","2015-2016",7727,584192,2015-07-01,2016-06-30
"Asbestos Safety and Eradication Agency","2015-2016",3264,0,2015-07-01,2016-06-30
"Fair Work Commission","2015-2016",81968,2429,2015-07-01,2016-06-30
"Office of the Fair Work Building Industry Inspectorate","2015-2016",35160,51,2015-07-01,2016-06-30
"Office of the Fair Work Ombudsman","2015-2016",117897,800,2015-07-01,2016-06-30
"Safe Work Australia","2015-2016",9705,0,2015-07-01,2016-06-30
"Seafarers Safety, Rehabilitation and Compensation Authority","2015-2016",0,0,2015-07-01,2016-06-30
"Workplace Gender Equality Agency","2015-2016",5132,100,2015-07-01,2016-06-30
"Department of the Environment","2015-2016",429115,57078,2015-07-01,2016-06-30
"Director of National Parks","2015-2016",0,58740,2015-07-01,2016-06-30
"Murray-Darling Basin Authority","2015-2016",46736,77708,2015-07-01,2016-06-30
"Sydney Harbour Federation Trust","2015-2016",0,17283,2015-07-01,2016-06-30
"Bureau of Meteorology","2015-2016",295208,70118,2015-07-01,2016-06-30
"Clean Energy Regulator","2015-2016",74597,0,2015-07-01,2016-06-30
"Climate Change Authority","2015-2016",3561,0,2015-07-01,2016-06-30
"Great Barrier Reef Marine Park Authority","2015-2016",26562,13120,2015-07-01,2016-06-30
"National Water Commission","2015-2016",0,0,2015-07-01,2016-06-30
"Department of Finance","2015-2016",424050,17232,2015-07-01,2016-06-30
"Commonwealth Superannuation Corporation","2015-2016",0,4181,2015-07-01,2016-06-30
"Australian Electoral Commission","2015-2016",126675,10841,2015-07-01,2016-06-30
"ComSuper","2015-2016",0,0,2015-07-01,2016-06-30
"Future Fund Management Agency","2015-2016",0,0,2015-07-01,2016-06-30
"Department of Foreign Affairs and Trade","2015-2016",1605231,81599,2015-07-01,2016-06-30
"Tourism Australia","2015-2016",137290,0,2015-07-01,2016-06-30
"Australian Centre for International Agricultural Research","2015-2016",10066,1958,2015-07-01,2016-06-30
"Australian Secret Intelligence Service","2015-2016",267873,54500,2015-07-01,2016-06-30
"Australian Trade Commission","2015-2016",223933,20000,2015-07-01,2016-06-30
"Department of Health","2015-2016",453403,31549,2015-07-01,2016-06-30
"Australian Commission on Safety and Quality in Health Care","2015-2016",0,19803,2015-07-01,2016-06-30
"Australian Institute of Health and Welfare","2015-2016",15625,30630,2015-07-01,2016-06-30
"Australian Sports Commission","2015-2016",253646,23723,2015-07-01,2016-06-30
"Australian Sports Foundation Limited","2015-2016",0,28850,2015-07-01,2016-06-30
"Food Standards Australia New Zealand","2015-2016",17257,1993,2015-07-01,2016-06-30
"General Practice Education and Training Limited","2015-2016",0,0,2015-07-01,2016-06-30
"Independent Hospital Pricing Authority","2015-2016",25877,0,2015-07-01,2016-06-30
"National Health Performance Authority","2015-2016",34097,0,2015-07-01,2016-06-30
"Private Health Insurance Administration Council","2015-2016",0,7137,2015-07-01,2016-06-30
"Australian Organ and Tissue Donation and Transplantation Authority","2015-2016",5926,0,2015-07-01,2016-06-30
"Australian Radiation Protection and Nuclear Safety Agency","2015-2016",15043,0,2015-07-01,2016-06-30
"Australian Sports Anti-Doping Authority","2015-2016",12607,300,2015-07-01,2016-06-30
"Cancer Australia","2015-2016",12091,1128,2015-07-01,2016-06-30
"National Blood Authority","2015-2016",5912,0,2015-07-01,2016-06-30
"National Health and Medical Research Council","2015-2016",44441,1500,2015-07-01,2016-06-30
"National Health Funding Body","2015-2016",4315,0,2015-07-01,2016-06-30
"National Mental Health Commission","2015-2016",2826,0,2015-07-01,2016-06-30
"Private Health Insurance Ombudsman","2015-2016",0,0,2015-07-01,2016-06-30
"Professional Services Review","2015-2016",5533,0,2015-07-01,2016-06-30
"Department of Immigration and Border Protection","2015-2016",2797171,154807,2015-07-01,2016-06-30
"Australian Customs and Border Protection Service","2015-2016",0,0,2015-07-01,2016-06-30
"Migration Review Tribunal and Refugee Review Tribunal","2015-2016",0,0,2015-07-01,2016-06-30
"Department of Industry and Science","2015-2016",460608,56276,2015-07-01,2016-06-30
"Australian Institute of Marine Science","2015-2016",40483,23513,2015-07-01,2016-06-30
"Australian Nuclear Science and Technology Organisation","2015-2016",192616,118984,2015-07-01,2016-06-30
"Commonwealth Scientific and Industrial Research Organisation","2015-2016",749681,542101,2015-07-01,2016-06-30
"National Offshore Petroleum Safety and Environmental Management Authority","2015-2016",0,38019,2015-07-01,2016-06-30
"Geoscience Australia","2015-2016",125824,39900,2015-07-01,2016-06-30
"IP Australia","2015-2016",2192,0,2015-07-01,2016-06-30
"Department of Infrastructure and Regional Development","2015-2016",246551,10676,2015-07-01,2016-06-30
"Australian Maritime Safety Authority","2015-2016",57509,143319,2015-07-01,2016-06-30
"Civil Aviation Safety Authority","2015-2016",42461,137673,2015-07-01,2016-06-30
"Infrastructure Australia","2015-2016",11768,0,2015-07-01,2016-06-30
"National Transport Commission","2015-2016",3301,6166,2015-07-01,2016-06-30
"Australian Transport Safety Bureau","2015-2016",68950,1304,2015-07-01,2016-06-30
"National Capital Authority","2015-2016",18204,1955,2015-07-01,2016-06-30
"Department of the Prime Minister and Cabinet","2015-2016",389302,5964,2015-07-01,2016-06-30
"Aboriginal Hostels Limited","2015-2016",37582,18820,2015-07-01,2016-06-30
"Indigenous Business Australia","2015-2016",70808,173640,2015-07-01,2016-06-30
"Indigenous Land Corporation","2015-2016",9389,55412,2015-07-01,2016-06-30
"National Australia Day Council Limited","2015-2016",0,6817,2015-07-01,2016-06-30
"Torres Strait Regional Authority","2015-2016",39498,11432,2015-07-01,2016-06-30
"Australian National Audit Office","2015-2016",73731,3500,2015-07-01,2016-06-30
"Australian Public Service Commission","2015-2016",21064,20244,2015-07-01,2016-06-30
"Office of National Assessments","2015-2016",34208,0,2015-07-01,2016-06-30
"Office of the Commonwealth Ombudsman","2015-2016",22643,2422,2015-07-01,2016-06-30
"Office of the Inspector-General of Intelligence and Security","2015-2016",3075,0,2015-07-01,2016-06-30
"Office of the Official Secretary to the Governor-General","2015-2016",11629,0,2015-07-01,2016-06-30
"Department of Social Services","2015-2016",718915,23902,2015-07-01,2016-06-30
"National Disability Insurance Agency","2015-2016",265858,304575,2015-07-01,2016-06-30
"Australian Aged Care Quality Agency","2015-2016",28941,13641,2015-07-01,2016-06-30
"Australian Institute of Family Studies","2015-2016",4750,9289,2015-07-01,2016-06-30
"Department of Human Services","2015-2016",4454195,141419,2015-07-01,2016-06-30
"Department of the Treasury","2015-2016",166353,8718,2015-07-01,2016-06-30
"Clean Energy Finance Corporation","2015-2016",0,44925,2015-07-01,2016-06-30
"Corporations and Markets Advisory Committee","2015-2016",0,0,2015-07-01,2016-06-30
"Australian Bureau of Statistics","2015-2016",461264,44153,2015-07-01,2016-06-30
"Australian Competition and Consumer Commission","2015-2016",166115,2764,2015-07-01,2016-06-30
"Australian Office of Financial Management","2015-2016",11907,811,2015-07-01,2016-06-30
"Australian Prudential Regulation Authority","2015-2016",1237,4930,2015-07-01,2016-06-30
"Australian Securities and Investments Commission","2015-2016",332554,2147,2015-07-01,2016-06-30
"Australian Taxation Office","2015-2016",3327021,133133,2015-07-01,2016-06-30
"Commonwealth Grants Commission","2015-2016",6307,0,2015-07-01,2016-06-30
"Inspector General of Taxation","2015-2016",6730,0,2015-07-01,2016-06-30
"National Competition Council","2015-2016",1740,0,2015-07-01,2016-06-30
"Office of the Auditing and Assurance Standards Board","2015-2016",2198,36,2015-07-01,2016-06-30
"Office of the Australian Accounting Standards Board","2015-2016",3730,767,2015-07-01,2016-06-30
"Productivity Commission","2015-2016",33744,1036,2015-07-01,2016-06-30
"Royal Australian Mint","2015-2016",0,0,2015-07-01,2016-06-30
"Aboriginal Hostels Limited","2014-2015",39302,20192,2014-07-01,2015-06-30
"Administrative Appeals Tribunal","2014-2015",35949,0,2014-07-01,2015-06-30
"Asbestos Safety and Eradication Agency","2014-2015",4914,0,2014-07-01,2015-06-30
"Attorney-General's Department","2014-2015",241981,113263,2014-07-01,2015-06-30
"Australia Council","2014-2015",211764,4950,2014-07-01,2015-06-30
"Australian Aged Care Quality Agency","2014-2015",21188,20718,2014-07-01,2015-06-30
"Australian Broadcasting Corporation","2014-2015",1113624,164530,2014-07-01,2015-06-30
"Australian Bureau of Statistics","2014-2015",348337,30000,2014-07-01,2015-06-30
"Australian Centre for International Agricultural Research","2014-2015",10054,1697,2014-07-01,2015-06-30
"Australian Commission for Law Enforcement Integrity","2014-2015",9610,75,2014-07-01,2015-06-30
"Australian Commission on Safety and Quality in Health Care","2014-2015",0,3752,2014-07-01,2015-06-30
"Australian Communications and Media Authority","2014-2015",96571,900,2014-07-01,2015-06-30
"Australian Competition and Consumer Commission","2014-2015",172183,1250,2014-07-01,2015-06-30
"Australian Crime Commission","2014-2015",91728,4699,2014-07-01,2015-06-30
"Australian Customs and Border Protection Service","2014-2015",1145851,70208,2014-07-01,2015-06-30
"Australian Electoral Commission","2014-2015",118546,16613,2014-07-01,2015-06-30
"Australian Federal Police","2014-2015",1137604,288784,2014-07-01,2015-06-30
"Australian Film, Television and Radio School","2014-2015",24335,6179,2014-07-01,2015-06-30
"Australian Financial Security Authority","2014-2015",54499,54222,2014-07-01,2015-06-30
"Australian Fisheries Management Authority","2014-2015",21199,3104,2014-07-01,2015-06-30
"Australian Grape and Wine Authority","2014-2015",0,34667,2014-07-01,2015-06-30
"Australian Human Rights Commission","2014-2015",19941,6485,2014-07-01,2015-06-30
"Australian Institute of Aboriginal and Torres Strait Islander Studies","2014-2015",13392,0,2014-07-01,2015-06-30
"Australian Institute of Criminology","2014-2015",5348,2765,2014-07-01,2015-06-30
"Australian Institute of Family Studies","2014-2015",4832,9566,2014-07-01,2015-06-30
"Australian Institute of Health and Welfare","2014-2015",15800,35237,2014-07-01,2015-06-30
"Australian Institute of Marine Science","2014-2015",38796,23670,2014-07-01,2015-06-30
"Australian Law Reform Commission","2014-2015",2873,5,2014-07-01,2015-06-30
"Australian Maritime Safety Authority","2014-2015",56595,139475,2014-07-01,2015-06-30
"Australian National Audit Office","2014-2015",74425,3500,2014-07-01,2015-06-30
"Australian National Maritime Museum","2014-2015",24038,7635,2014-07-01,2015-06-30
"Australian National Preventive Health Agency","2014-2015",0,0,2014-07-01,2015-06-30
"Australian Nuclear Science and Technology Organisation","2014-2015",252803,113300,2014-07-01,2015-06-30
"Australian Office of Financial Management","2014-2015",12134,828,2014-07-01,2015-06-30
"Australian Organ and Tissue Donation and Transplantation Authority","2014-2015",6052,0,2014-07-01,2015-06-30
"Australian Pesticides and Veterinary Medicines Authority","2014-2015",743,339,2014-07-01,2015-06-30
"Australian Prudential Regulation Authority","2014-2015",1061,5471,2014-07-01,2015-06-30
"Australian Public Service Commission","2014-2015",22072,21894,2014-07-01,2015-06-30
"Australian Radiation Protection and Nuclear Safety Agency","2014-2015",15261,0,2014-07-01,2015-06-30
"Australian Renewable Energy Agency","2014-2015",0,329340,2014-07-01,2015-06-30
"Australian Research Council","2014-2015",23630,0,2014-07-01,2015-06-30
"Australian Secret Intelligence Service","2014-2015",223494,34500,2014-07-01,2015-06-30
"Australian Securities and Investments Commission","2014-2015",346639,2044,2014-07-01,2015-06-30
"Australian Security Intelligence Organisation","2014-2015",390741,16367,2014-07-01,2015-06-30
"Australian Sports Anti-Doping Authority","2014-2015",13313,300,2014-07-01,2015-06-30
"Australian Sports Commission","2014-2015",265156,32410,2014-07-01,2015-06-30
"Australian Taxation Office","2014-2015",3368718,73572,2014-07-01,2015-06-30
"Australian Trade Commission","2014-2015",198267,21842,2014-07-01,2015-06-30
"Australian Transaction Reports and Analysis Centre","2014-2015",56855,1557,2014-07-01,2015-06-30
"Australian Transport Safety Bureau","2014-2015",69819,1201,2014-07-01,2015-06-30
"Australian War Memorial","2014-2015",60252,11264,2014-07-01,2015-06-30
"Bureau of Meteorology","2014-2015",272596,71634,2014-07-01,2015-06-30
"Cancer Australia","2014-2015",12051,1474,2014-07-01,2015-06-30
"Civil Aviation Safety Authority","2014-2015",42480,145001,2014-07-01,2015-06-30
"Clean Energy Finance Corporation","2014-2015",0,38166,2014-07-01,2015-06-30
"Clean Energy Regulator","2014-2015",82302,0,2014-07-01,2015-06-30
"Climate Change Authority","2014-2015",0,0,2014-07-01,2015-06-30
"Comcare","2014-2015",7563,615438,2014-07-01,2015-06-30
"Commonwealth Grants Commission","2014-2015",6399,0,2014-07-01,2015-06-30
"Commonwealth Scientific and Industrial Research Organisation","2014-2015",745268,506600,2014-07-01,2015-06-30
"Commonwealth Superannuation Corporation","2014-2015",0,9024,2014-07-01,2015-06-30
"ComSuper","2014-2015",0,0,2014-07-01,2015-06-30
"Corporations and Markets Advisory Committee","2014-2015",977,0,2014-07-01,2015-06-30
"Cotton Research and Development Corporation","2014-2015",0,20690,2014-07-01,2015-06-30
"CrimTrac Agency","2014-2015",0,0,2014-07-01,2015-06-30
"Defence Housing Australia","2014-2015",0,1254667,2014-07-01,2015-06-30
"Defence Materiel Organisation","2014-2015",881031,0,2014-07-01,2015-06-30
"Department of Agriculture","2014-2015",302671,22222,2014-07-01,2015-06-30
"Department of Communications","2014-2015",91009,4025,2014-07-01,2015-06-30
"Department of Defence","2014-2015",28346664,942623,2014-07-01,2015-06-30
"Department of Education","2014-2015",295085,22417,2014-07-01,2015-06-30
"Department of Employment","2014-2015",288680,17454,2014-07-01,2015-06-30
"Department of Finance","2014-2015",590258,17221,2014-07-01,2015-06-30
"Department of Foreign Affairs and Trade","2014-2015",1404800,81599,2014-07-01,2015-06-30
"Department of Health","2014-2015",488143,24103,2014-07-01,2015-06-30
"Department of Human Services","2014-2015",4280311,158013,2014-07-01,2015-06-30
"Department of Immigration and Border Protection","2014-2015",1506650,60807,2014-07-01,2015-06-30
"Department of Industry","2014-2015",547318,53827,2014-07-01,2015-06-30
"Department of Infrastructure and Regional Development","2014-2015",269547,9112,2014-07-01,2015-06-30
"Department of Parliamentary Services","2014-2015",142051,7502,2014-07-01,2015-06-30
"Department of Social Services","2014-2015",577640,23994,2014-07-01,2015-06-30
"Department of the Environment","2014-2015",449062,56670,2014-07-01,2015-06-30
"Department of the House of Representatives","2014-2015",20821,890,2014-07-01,2015-06-30
"Department of the Prime Minister and Cabinet","2014-2015",595993,8613,2014-07-01,2015-06-30
"Department of the Senate","2014-2015",20627,600,2014-07-01,2015-06-30
"Department of the Treasury","2014-2015",180393,8488,2014-07-01,2015-06-30
"Department of Veterans' Affairs","2014-2015",299392,10881,2014-07-01,2015-06-30
"Director of National Parks","2014-2015",0,60002,2014-07-01,2015-06-30
"Fair Work Commission","2014-2015",82348,1286,2014-07-01,2015-06-30
"Family Court and Federal Circuit Court","2014-2015",156051,1440,2014-07-01,2015-06-30
"Federal Court of Australia","2014-2015",96746,2733,2014-07-01,2015-06-30
"Fisheries Research and Development Corporation","2014-2015",0,27001,2014-07-01,2015-06-30
"Food Standards Australia New Zealand","2014-2015",17495,2169,2014-07-01,2015-06-30
"Future Fund Management Agency","2014-2015",0,0,2014-07-01,2015-06-30
"General Practice Education and Training Limited","2014-2015",0,118749,2014-07-01,2015-06-30
"Geoscience Australia","2014-2015",129588,0,2014-07-01,2015-06-30
"Grains Research and Development Corporation","2014-2015",0,188615,2014-07-01,2015-06-30
"Great Barrier Reef Marine Park Authority","2014-2015",26847,13320,2014-07-01,2015-06-30
"Health Workforce Australia","2014-2015",0,0,2014-07-01,2015-06-30
"High Court of Australia","2014-2015",17431,221,2014-07-01,2015-06-30
"Independent Hospital Pricing Authority","2014-2015",13449,0,2014-07-01,2015-06-30
"Indigenous Business Australia","2014-2015",71208,159044,2014-07-01,2015-06-30
"Indigenous Land Corporation","2014-2015",9527,54565,2014-07-01,2015-06-30
"Inspector General of Taxation","2014-2015",3359,0,2014-07-01,2015-06-30
"IP Australia","2014-2015",2302,0,2014-07-01,2015-06-30
"Migration Review Tribunal and Refugee Review Tribunal","2014-2015",60660,0,2014-07-01,2015-06-30
"Murray-Darling Basin Authority","2014-2015",48608,0,2014-07-01,2015-06-30
"National Archives of Australia","2014-2015",64920,1259,2014-07-01,2015-06-30
"National Australia Day Council Limited","2014-2015",0,12973,2014-07-01,2015-06-30
"National Blood Authority","2014-2015",6638,0,2014-07-01,2015-06-30
"National Capital Authority","2014-2015",17466,1940,2014-07-01,2015-06-30
"National Competition Council","2014-2015",1945,0,2014-07-01,2015-06-30
"National Disability Insurance Scheme Launch Transition Agency","2014-2015",353111,184331,2014-07-01,2015-06-30
"National Film and Sound Archive of Australia","2014-2015",26753,2170,2014-07-01,2015-06-30
"National Gallery of Australia","2014-2015",50303,11585,2014-07-01,2015-06-30
"National Health and Medical Research Council","2014-2015",42159,2000,2014-07-01,2015-06-30
"National Health Funding Body","2014-2015",4348,0,2014-07-01,2015-06-30
"National Health Performance Authority","2014-2015",11112,0,2014-07-01,2015-06-30
"National Library of Australia","2014-2015",60160,12313,2014-07-01,2015-06-30
"National Mental Health Commission","2014-2015",2866,0,2014-07-01,2015-06-30
"National Museum of Australia","2014-2015",43554,4139,2014-07-01,2015-06-30
"National Offshore Petroleum Safety and Environmental Management Authority","2014-2015",150,0,2014-07-01,2015-06-30
"National Portrait Gallery of Australia","2014-2015",11686,1691,2014-07-01,2015-06-30
"National Transport Commission","2014-2015",3242,6053,2014-07-01,2015-06-30
"National Vocational Education and Training Regulator (Australian Skills Quality Author","2014-2015",37823,0,2014-07-01,2015-06-30
"National Water Commission","2014-2015",4922,0,2014-07-01,2015-06-30
"Office of National Assessments","2014-2015",32548,0,2014-07-01,2015-06-30
"Office of Parliamentary Counsel","2014-2015",15798,5725,2014-07-01,2015-06-30
"Office of the Auditing and Assurance Standards Board","2014-2015",2226,35,2014-07-01,2015-06-30
"Office of the Australian Accounting Standards Board","2014-2015",3781,850,2014-07-01,2015-06-30
"Office of the Australian Information Commissioner","2014-2015",7191,3153,2014-07-01,2015-06-30
"Office of the Commonwealth Ombudsman","2014-2015",17959,1695,2014-07-01,2015-06-30
"Office of the Director of Public Prosecutions","2014-2015",78660,3450,2014-07-01,2015-06-30
"Office of the Fair Work Building Industry Inspectorate","2014-2015",34308,44,2014-07-01,2015-06-30
"Office of the Fair Work Ombudsman","2014-2015",115591,1300,2014-07-01,2015-06-30
"Office of the Inspector-General of Intelligence and Security","2014-2015",2189,0,2014-07-01,2015-06-30
"Office of the Official Secretary to the Governor-General","2014-2015",11777,0,2014-07-01,2015-06-30
"Old Parliament House","2014-2015",15007,0,2014-07-01,2015-06-30
"Parliamentary Budget Office","2014-2015",7263,0,2014-07-01,2015-06-30
"Private Health Insurance Administration Council","2014-2015",0,6931,2014-07-01,2015-06-30
"Private Health Insurance Ombudsman","2014-2015",3079,10,2014-07-01,2015-06-30
"Productivity Commission","2014-2015",34118,825,2014-07-01,2015-06-30
"Professional Services Review","2014-2015",5742,0,2014-07-01,2015-06-30
"Royal Australian Mint","2014-2015",0,0,2014-07-01,2015-06-30
"Rural Industries Research and Development Corporation","2014-2015",0,20076,2014-07-01,2015-06-30
"Safe Work Australia","2014-2015",9832,0,2014-07-01,2015-06-30
"Screen Australia","2014-2015",17956,82372,2014-07-01,2015-06-30
"Seafarers Safety, Rehabilitation and Compensation Authority","2014-2015",0,0,2014-07-01,2015-06-30
"Special Broadcasting Service Corporation","2014-2015",287074,112441,2014-07-01,2015-06-30
"Sydney Harbour Federation Trust","2014-2015",0,15481,2014-07-01,2015-06-30
"Telecommunications Universal Service Management Agency","2014-2015",4025,0,2014-07-01,2015-06-30
"Tertiary Education Quality and Standards Agency","2014-2015",16516,15,2014-07-01,2015-06-30
"Torres Strait Regional Authority","2014-2015",48159,9885,2014-07-01,2015-06-30
"Tourism Australia","2014-2015",129872,1750,2014-07-01,2015-06-30
"Workplace Gender Equality Agency","2014-2015",5026,300,2014-07-01,2015-06-30
