"vertex.id","agency","appropriation","ext_revenue","onset","terminus"
"1","Aboriginal Hostels Limited",36426,20198,2019-07-01,2020-06-30
"1","Aboriginal Hostels Limited",36323,21087,2018-07-01,2019-06-30
"1","Aboriginal Hostels Limited",36563,22363,2017-07-01,2018-06-30
"1","Aboriginal Hostels Limited",37075,21177,2016-07-01,2017-06-30
"1","Aboriginal Hostels Limited",37582,18820,2015-07-01,2016-06-30
"1","Aboriginal Hostels Limited",39302,20192,2014-07-01,2015-06-30
"10","Australian Aged Care Quality Agency",31109,14286,2018-07-01,2019-06-30
"10","Australian Aged Care Quality Agency",29512,6580,2016-07-01,2017-06-30
"10","Australian Aged Care Quality Agency",28941,13641,2015-07-01,2016-06-30
"10","Australian Aged Care Quality Agency",21188,20718,2014-07-01,2015-06-30
"100","Department of Infrastructure, Transport, Cities and Regional Development",211553,4870,2019-07-01,2020-06-30
"101","Department of Jobs and Small Business",395611,53834,2019-07-01,2020-06-30
"101","Department of Jobs and Small Business",359055,53329,2018-07-01,2019-06-30
"102","Department of Social Services",462115,37569,2019-07-01,2020-06-30
"102","Department of Social Services",414607,40730,2018-07-01,2019-06-30
"102","Department of Social Services",1490773,6651424,2017-07-01,2018-06-30
"102","Department of Social Services",443385,37497,2016-07-01,2017-06-30
"102","Department of Social Services",718915,23902,2015-07-01,2016-06-30
"102","Department of Social Services",577640,23994,2014-07-01,2015-06-30
"103","Department of the Environment",545225,31204,2016-07-01,2017-06-30
"103","Department of the Environment",429115,57078,2015-07-01,2016-06-30
"103","Department of the Environment",449062,56670,2014-07-01,2015-06-30
"104","Department of the Environment and Energy",614653,38442,2019-07-01,2020-06-30
"104","Department of the Environment and Energy",499389,34566,2018-07-01,2019-06-30
"104","Department of the Environment and Energy",616798,293273,2017-07-01,2018-06-30
"105","Department of the Prime Minister and Cabinet",424894,14248,2019-07-01,2020-06-30
"105","Department of the Prime Minister and Cabinet",421227,16833,2018-07-01,2019-06-30
"105","Department of the Prime Minister and Cabinet",478086,9261,2017-07-01,2018-06-30
"105","Department of the Prime Minister and Cabinet",389639,10552,2016-07-01,2017-06-30
"105","Department of the Prime Minister and Cabinet",389302,5964,2015-07-01,2016-06-30
"105","Department of the Prime Minister and Cabinet",595993,8613,2014-07-01,2015-06-30
"106","Department of the Treasury",206309,12423,2019-07-01,2020-06-30
"106","Department of the Treasury",194255,12423,2018-07-01,2019-06-30
"106","Department of the Treasury",206776,12704,2017-07-01,2018-06-30
"106","Department of the Treasury",168243,8954,2016-07-01,2017-06-30
"106","Department of the Treasury",166353,8718,2015-07-01,2016-06-30
"106","Department of the Treasury",180393,8488,2014-07-01,2015-06-30
"107","Department of Veterans' Affairs",356624,11655,2019-07-01,2020-06-30
"107","Department of Veterans' Affairs",390081,7526,2018-07-01,2019-06-30
"107","Department of Veterans' Affairs",389319,6905,2017-07-01,2018-06-30
"107","Department of Veterans' Affairs",338918,6746,2016-07-01,2017-06-30
"107","Department of Veterans' Affairs",298531,9616,2015-07-01,2016-06-30
"107","Department of Veterans' Affairs",299392,10881,2014-07-01,2015-06-30
"108","Digital Transformation Agency",57345,2170,2019-07-01,2020-06-30
"108","Digital Transformation Agency",115356,2171,2018-07-01,2019-06-30
"109","Digital Transformation Office",38456,0,2016-07-01,2017-06-30
"109","Digital Transformation Office",30867,0,2015-07-01,2016-06-30
"11","Australian Broadcasting Corporation",1062265,68641,2019-07-01,2020-06-30
"11","Australian Broadcasting Corporation",1045911,71838,2018-07-01,2019-06-30
"11","Australian Broadcasting Corporation",1043680,88700,2017-07-01,2018-06-30
"11","Australian Broadcasting Corporation",1036090,78313,2016-07-01,2017-06-30
"11","Australian Broadcasting Corporation",1084413,142678,2015-07-01,2016-06-30
"11","Australian Broadcasting Corporation",1113624,164530,2014-07-01,2015-06-30
"110","Director of National Parks",46160,26353,2019-07-01,2020-06-30
"110","Director of National Parks",47615,23431,2018-07-01,2019-06-30
"110","Director of National Parks",376,68815,2017-07-01,2018-06-30
"110","Director of National Parks",619,62051,2016-07-01,2017-06-30
"110","Director of National Parks",0,58740,2015-07-01,2016-06-30
"110","Director of National Parks",0,60002,2014-07-01,2015-06-30
"111","Fair Work Commission",79675,2000,2019-07-01,2020-06-30
"111","Fair Work Commission",76419,2000,2018-07-01,2019-06-30
"111","Fair Work Commission",76515,2400,2017-07-01,2018-06-30
"111","Fair Work Commission",78629,2429,2016-07-01,2017-06-30
"111","Fair Work Commission",81968,2429,2015-07-01,2016-06-30
"111","Fair Work Commission",82348,1286,2014-07-01,2015-06-30
"112","Fair Work Ombudsman and Registered Organisations Commission Entity",134181,3366,2019-07-01,2020-06-30
"112","Fair Work Ombudsman and Registered Organisations Commission Entity",124976,1000,2018-07-01,2019-06-30
"112","Fair Work Ombudsman and Registered Organisations Commission Entity",120692,1190,2017-07-01,2018-06-30
"113","Family Court and Federal Circuit Court",158782,1475,2015-07-01,2016-06-30
"113","Family Court and Federal Circuit Court",156051,1440,2014-07-01,2015-06-30
"114","Federal Court of Australia",296971,3939,2019-07-01,2020-06-30
"114","Federal Court of Australia",269522,3894,2018-07-01,2019-06-30
"114","Federal Court of Australia",263052,3944,2017-07-01,2018-06-30
"114","Federal Court of Australia",255596,3318,2016-07-01,2017-06-30
"114","Federal Court of Australia",98998,2769,2015-07-01,2016-06-30
"114","Federal Court of Australia",96746,2733,2014-07-01,2015-06-30
"115","Financial Adviser Standards and Ethics Authority Ltd",0,3900,2019-07-01,2020-06-30
"115","Financial Adviser Standards and Ethics Authority Ltd",0,4163,2018-07-01,2019-06-30
"116","Fisheries Research and Development Corporation",0,34976,2019-07-01,2020-06-30
"116","Fisheries Research and Development Corporation",0,34697,2018-07-01,2019-06-30
"116","Fisheries Research and Development Corporation",0,37339,2017-07-01,2018-06-30
"116","Fisheries Research and Development Corporation",0,30569,2016-07-01,2017-06-30
"116","Fisheries Research and Development Corporation",0,27316,2015-07-01,2016-06-30
"116","Fisheries Research and Development Corporation",0,27001,2014-07-01,2015-06-30
"117","Food Standards Australia New Zealand",16890,2367,2019-07-01,2020-06-30
"117","Food Standards Australia New Zealand",16899,2350,2018-07-01,2019-06-30
"117","Food Standards Australia New Zealand",16961,2169,2017-07-01,2018-06-30
"117","Food Standards Australia New Zealand",17184,1993,2016-07-01,2017-06-30
"117","Food Standards Australia New Zealand",17257,1993,2015-07-01,2016-06-30
"117","Food Standards Australia New Zealand",17495,2169,2014-07-01,2015-06-30
"118","General Practice Education and Training Limited",0,118749,2014-07-01,2015-06-30
"119","Geoscience Australia",216296,40673,2019-07-01,2020-06-30
"119","Geoscience Australia",199461,40129,2018-07-01,2019-06-30
"119","Geoscience Australia",155770,43643,2017-07-01,2018-06-30
"119","Geoscience Australia",147907,41890,2016-07-01,2017-06-30
"119","Geoscience Australia",125824,39900,2015-07-01,2016-06-30
"119","Geoscience Australia",129588,0,2014-07-01,2015-06-30
"12","Australian Building and Construction Commission",33602,370,2019-07-01,2020-06-30
"12","Australian Building and Construction Commission",32721,370,2018-07-01,2019-06-30
"12","Australian Building and Construction Commission",32963,370,2017-07-01,2018-06-30
"120","Grains Research and Development Corporation",0,194082,2019-07-01,2020-06-30
"120","Grains Research and Development Corporation",0,215093,2018-07-01,2019-06-30
"120","Grains Research and Development Corporation",0,199605,2017-07-01,2018-06-30
"120","Grains Research and Development Corporation",0,199117,2016-07-01,2017-06-30
"120","Grains Research and Development Corporation",0,199818,2015-07-01,2016-06-30
"120","Grains Research and Development Corporation",0,188615,2014-07-01,2015-06-30
"121","Great Barrier Reef Marine Park Authority",47586,15673,2019-07-01,2020-06-30
"121","Great Barrier Reef Marine Park Authority",54853,11083,2018-07-01,2019-06-30
"121","Great Barrier Reef Marine Park Authority",37797,25865,2017-07-01,2018-06-30
"121","Great Barrier Reef Marine Park Authority",28012,21037,2016-07-01,2017-06-30
"121","Great Barrier Reef Marine Park Authority",26562,13120,2015-07-01,2016-06-30
"121","Great Barrier Reef Marine Park Authority",26847,13320,2014-07-01,2015-06-30
"122","Independent Hospital Pricing Authority",0,16144,2019-07-01,2020-06-30
"122","Independent Hospital Pricing Authority",0,16037,2018-07-01,2019-06-30
"122","Independent Hospital Pricing Authority",28458,38879,2017-07-01,2018-06-30
"122","Independent Hospital Pricing Authority",0,15856,2016-07-01,2017-06-30
"122","Independent Hospital Pricing Authority",25877,0,2015-07-01,2016-06-30
"122","Independent Hospital Pricing Authority",13449,0,2014-07-01,2015-06-30
"123","Independent Parliamentary Expenses Authority",10095,0,2019-07-01,2020-06-30
"123","Independent Parliamentary Expenses Authority",9981,0,2018-07-01,2019-06-30
"124","Indigenous Business Australia",32437,192431,2019-07-01,2020-06-30
"124","Indigenous Business Australia",32612,191422,2018-07-01,2019-06-30
"124","Indigenous Business Australia",32983,151065,2017-07-01,2018-06-30
"124","Indigenous Business Australia",47152,168807,2016-07-01,2017-06-30
"124","Indigenous Business Australia",70808,173640,2015-07-01,2016-06-30
"124","Indigenous Business Australia",71208,159044,2014-07-01,2015-06-30
"125","Indigenous Land and Sea Corporation",8617,77335,2019-07-01,2020-06-30
"126","Indigenous Land Corporation",8749,76490,2018-07-01,2019-06-30
"126","Indigenous Land Corporation",8928,56996,2017-07-01,2018-06-30
"126","Indigenous Land Corporation",9156,56274,2016-07-01,2017-06-30
"126","Indigenous Land Corporation",9389,55412,2015-07-01,2016-06-30
"126","Indigenous Land Corporation",9527,54565,2014-07-01,2015-06-30
"127","Infrastructure and Project Financing Agency",5725,0,2019-07-01,2020-06-30
"127","Infrastructure and Project Financing Agency",4198,0,2018-07-01,2019-06-30
"128","Infrastructure Australia",11560,74,2019-07-01,2020-06-30
"128","Infrastructure Australia",11514,80,2018-07-01,2019-06-30
"128","Infrastructure Australia",11592,75,2017-07-01,2018-06-30
"128","Infrastructure Australia",11581,14,2016-07-01,2017-06-30
"128","Infrastructure Australia",11768,0,2015-07-01,2016-06-30
"129","Inspector-General of Taxation",6480,0,2019-07-01,2020-06-30
"129","Inspector-General of Taxation",6481,0,2018-07-01,2019-06-30
"129","Inspector-General of Taxation",6525,0,2017-07-01,2018-06-30
"129","Inspector-General of Taxation",6594,0,2016-07-01,2017-06-30
"129","Inspector-General of Taxation",6730,0,2015-07-01,2016-06-30
"129","Inspector-General of Taxation",3359,0,2014-07-01,2015-06-30
"13","Australian Bureau of Statistics",401223,42608,2019-07-01,2020-06-30
"13","Australian Bureau of Statistics",368919,47674,2018-07-01,2019-06-30
"13","Australian Bureau of Statistics",372163,57904,2017-07-01,2018-06-30
"13","Australian Bureau of Statistics",582471,40753,2016-07-01,2017-06-30
"13","Australian Bureau of Statistics",461264,44153,2015-07-01,2016-06-30
"13","Australian Bureau of Statistics",348337,30000,2014-07-01,2015-06-30
"130","IP Australia",362,0,2019-07-01,2020-06-30
"130","IP Australia",368,0,2018-07-01,2019-06-30
"130","IP Australia",375,0,2017-07-01,2018-06-30
"130","IP Australia",2092,0,2016-07-01,2017-06-30
"130","IP Australia",2192,0,2015-07-01,2016-06-30
"130","IP Australia",2302,0,2014-07-01,2015-06-30
"131","Migration Review Tribunal and Refugee Review Tribunal",60660,0,2014-07-01,2015-06-30
"132","Murray-Darling Basin Authority",83053,101107,2019-07-01,2020-06-30
"132","Murray-Darling Basin Authority",91700,94384,2018-07-01,2019-06-30
"132","Murray-Darling Basin Authority",77470,97231,2017-07-01,2018-06-30
"132","Murray-Darling Basin Authority",84746,91184,2016-07-01,2017-06-30
"132","Murray-Darling Basin Authority",46736,77708,2015-07-01,2016-06-30
"132","Murray-Darling Basin Authority",48608,0,2014-07-01,2015-06-30
"133","Museum of Australian Democracy at Old Parliament House",18303,1367,2019-07-01,2020-06-30
"133","Museum of Australian Democracy at Old Parliament House",19847,1259,2018-07-01,2019-06-30
"133","Museum of Australian Democracy at Old Parliament House",18573,0,2017-07-01,2018-06-30
"133","Museum of Australian Democracy at Old Parliament House",13381,0,2016-07-01,2017-06-30
"133","Museum of Australian Democracy at Old Parliament House",14069,0,2015-07-01,2016-06-30
"133","Museum of Australian Democracy at Old Parliament House",15007,0,2014-07-01,2015-06-30
"134","National Archives of Australia",73704,2345,2019-07-01,2020-06-30
"134","National Archives of Australia",67330,11695,2018-07-01,2019-06-30
"134","National Archives of Australia",68450,1810,2017-07-01,2018-06-30
"134","National Archives of Australia",75826,2324,2016-07-01,2017-06-30
"134","National Archives of Australia",65044,2290,2015-07-01,2016-06-30
"134","National Archives of Australia",64920,1259,2014-07-01,2015-06-30
"135","National Australia Day Council Limited",0,6614,2019-07-01,2020-06-30
"135","National Australia Day Council Limited",0,6281,2018-07-01,2019-06-30
"135","National Australia Day Council Limited",0,6817,2015-07-01,2016-06-30
"135","National Australia Day Council Limited",0,12973,2014-07-01,2015-06-30
"136","National Blood Authority",6298,0,2019-07-01,2020-06-30
"136","National Blood Authority",6299,0,2018-07-01,2019-06-30
"136","National Blood Authority",6158,0,2017-07-01,2018-06-30
"136","National Blood Authority",6271,0,2016-07-01,2017-06-30
"136","National Blood Authority",5912,0,2015-07-01,2016-06-30
"136","National Blood Authority",6638,0,2014-07-01,2015-06-30
"137","National Capital Authority",12580,2494,2019-07-01,2020-06-30
"137","National Capital Authority",20289,2494,2018-07-01,2019-06-30
"137","National Capital Authority",19679,2477,2017-07-01,2018-06-30
"137","National Capital Authority",17969,2466,2016-07-01,2017-06-30
"137","National Capital Authority",18204,1955,2015-07-01,2016-06-30
"137","National Capital Authority",17466,1940,2014-07-01,2015-06-30
"138","National Competition Council",1700,0,2019-07-01,2020-06-30
"138","National Competition Council",1990,0,2018-07-01,2019-06-30
"138","National Competition Council",5970,0,2017-07-01,2018-06-30
"138","National Competition Council",1727,0,2016-07-01,2017-06-30
"138","National Competition Council",1740,0,2015-07-01,2016-06-30
"138","National Competition Council",1945,0,2014-07-01,2015-06-30
"139","National Disability Insurance Agency",265858,304575,2015-07-01,2016-06-30
"14","Australian Centre for International Agricultural Research",9555,1954,2019-07-01,2020-06-30
"14","Australian Centre for International Agricultural Research",9547,2259,2018-07-01,2019-06-30
"14","Australian Centre for International Agricultural Research",9609,1787,2017-07-01,2018-06-30
"14","Australian Centre for International Agricultural Research",9741,1627,2016-07-01,2017-06-30
"14","Australian Centre for International Agricultural Research",10066,1958,2015-07-01,2016-06-30
"14","Australian Centre for International Agricultural Research",10054,1697,2014-07-01,2015-06-30
"140","National Disability Insurance Scheme Launch Transition Agency",1408255,14785949,2019-07-01,2020-06-30
"140","National Disability Insurance Scheme Launch Transition Agency",1477674,13193421,2018-07-01,2019-06-30
"140","National Disability Insurance Scheme Launch Transition Agency",807998,1814802,2016-07-01,2017-06-30
"140","National Disability Insurance Scheme Launch Transition Agency",353111,184331,2014-07-01,2015-06-30
"141","National Film and Sound Archive of Australia",25243,2429,2019-07-01,2020-06-30
"141","National Film and Sound Archive of Australia",27443,2039,2018-07-01,2019-06-30
"141","National Film and Sound Archive of Australia",25830,1967,2017-07-01,2018-06-30
"141","National Film and Sound Archive of Australia",25130,1700,2016-07-01,2017-06-30
"141","National Film and Sound Archive of Australia",26612,1718,2015-07-01,2016-06-30
"141","National Film and Sound Archive of Australia",26753,2170,2014-07-01,2015-06-30
"142","National Gallery of Australia",66828,23213,2019-07-01,2020-06-30
"142","National Gallery of Australia",53279,22695,2018-07-01,2019-06-30
"142","National Gallery of Australia",47415,11936,2017-07-01,2018-06-30
"142","National Gallery of Australia",48055,11896,2016-07-01,2017-06-30
"142","National Gallery of Australia",49914,11685,2015-07-01,2016-06-30
"142","National Gallery of Australia",50303,11585,2014-07-01,2015-06-30
"143","National Health and Medical Research Council",37906,5124,2019-07-01,2020-06-30
"143","National Health and Medical Research Council",38012,6846,2018-07-01,2019-06-30
"143","National Health and Medical Research Council",43055,1500,2017-07-01,2018-06-30
"143","National Health and Medical Research Council",37622,1500,2016-07-01,2017-06-30
"143","National Health and Medical Research Council",44441,1500,2015-07-01,2016-06-30
"143","National Health and Medical Research Council",42159,2000,2014-07-01,2015-06-30
"144","National Health Funding Body",5570,0,2019-07-01,2020-06-30
"144","National Health Funding Body",5378,0,2018-07-01,2019-06-30
"144","National Health Funding Body",5844,0,2017-07-01,2018-06-30
"144","National Health Funding Body",4307,0,2016-07-01,2017-06-30
"144","National Health Funding Body",4315,0,2015-07-01,2016-06-30
"144","National Health Funding Body",4348,0,2014-07-01,2015-06-30
"145","National Health Performance Authority",34097,0,2015-07-01,2016-06-30
"145","National Health Performance Authority",11112,0,2014-07-01,2015-06-30
"146","National Housing Finance and Investment Corporation",0,41438,2019-07-01,2020-06-30
"146","National Housing Finance and Investment Corporation",0,54532,2018-07-01,2019-06-30
"147","National Library of Australia",64528,9878,2019-07-01,2020-06-30
"147","National Library of Australia",65071,10138,2018-07-01,2019-06-30
"147","National Library of Australia",61399,12526,2017-07-01,2018-06-30
"147","National Library of Australia",57763,12664,2016-07-01,2017-06-30
"147","National Library of Australia",59904,14639,2015-07-01,2016-06-30
"147","National Library of Australia",60160,12313,2014-07-01,2015-06-30
"148","National Mental Health Commission",7200,530,2019-07-01,2020-06-30
"148","National Mental Health Commission",5867,2050,2018-07-01,2019-06-30
"148","National Mental Health Commission",2736,0,2017-07-01,2018-06-30
"148","National Mental Health Commission",2928,0,2016-07-01,2017-06-30
"148","National Mental Health Commission",2826,0,2015-07-01,2016-06-30
"148","National Mental Health Commission",2866,0,2014-07-01,2015-06-30
"149","National Museum of Australia",46524,9061,2019-07-01,2020-06-30
"149","National Museum of Australia",47076,5985,2018-07-01,2019-06-30
"149","National Museum of Australia",43365,6714,2017-07-01,2018-06-30
"149","National Museum of Australia",41264,5654,2016-07-01,2017-06-30
"149","National Museum of Australia",43385,4271,2015-07-01,2016-06-30
"149","National Museum of Australia",43554,4139,2014-07-01,2015-06-30
"15","Australian Commission for Law Enforcement Integrity",14492,75,2019-07-01,2020-06-30
"15","Australian Commission for Law Enforcement Integrity",11587,2489,2018-07-01,2019-06-30
"15","Australian Commission for Law Enforcement Integrity",11046,575,2017-07-01,2018-06-30
"15","Australian Commission for Law Enforcement Integrity",10799,575,2016-07-01,2017-06-30
"15","Australian Commission for Law Enforcement Integrity",13122,575,2015-07-01,2016-06-30
"15","Australian Commission for Law Enforcement Integrity",9610,75,2014-07-01,2015-06-30
"150","National Offshore Petroleum Safety and Environmental Management Authority",0,37212,2019-07-01,2020-06-30
"150","National Offshore Petroleum Safety and Environmental Management Authority",0,34843,2018-07-01,2019-06-30
"150","National Offshore Petroleum Safety and Environmental Management Authority",0,32373,2017-07-01,2018-06-30
"150","National Offshore Petroleum Safety and Environmental Management Authority",0,32406,2016-07-01,2017-06-30
"150","National Offshore Petroleum Safety and Environmental Management Authority",0,38019,2015-07-01,2016-06-30
"150","National Offshore Petroleum Safety and Environmental Management Authority",150,0,2014-07-01,2015-06-30
"151","National Portrait Gallery of Australia",11844,2596,2019-07-01,2020-06-30
"151","National Portrait Gallery of Australia",11876,2534,2018-07-01,2019-06-30
"151","National Portrait Gallery of Australia",11002,2413,2017-07-01,2018-06-30
"151","National Portrait Gallery of Australia",11154,2257,2016-07-01,2017-06-30
"151","National Portrait Gallery of Australia",11704,2155,2015-07-01,2016-06-30
"151","National Portrait Gallery of Australia",11686,1691,2014-07-01,2015-06-30
"152","National Transport Commission",3535,6595,2019-07-01,2020-06-30
"152","National Transport Commission",3476,6485,2018-07-01,2019-06-30
"152","National Transport Commission",3400,6758,2017-07-01,2018-06-30
"152","National Transport Commission",3358,6276,2016-07-01,2017-06-30
"152","National Transport Commission",3301,6166,2015-07-01,2016-06-30
"152","National Transport Commission",3242,6053,2014-07-01,2015-06-30
"153","National Water Commission",4922,0,2014-07-01,2015-06-30
"154","NDIS Quality and Safeguards Commission",50437,0,2019-07-01,2020-06-30
"154","NDIS Quality and Safeguards Commission",37270,0,2018-07-01,2019-06-30
"155","North Queensland Livestock Industry Recovery Agency",9491,0,2019-07-01,2020-06-30
"156","North Queensland Water Infrastructure Authority",2687,0,2019-07-01,2020-06-30
"157","Northern Australia Infrastructure Facility",10340,30,2019-07-01,2020-06-30
"157","Northern Australia Infrastructure Facility",9505,30,2018-07-01,2019-06-30
"157","Northern Australia Infrastructure Facility",8504,0,2017-07-01,2018-06-30
"158","Office of National Assessments",57989,0,2018-07-01,2019-06-30
"158","Office of National Assessments",35928,0,2017-07-01,2018-06-30
"158","Office of National Assessments",35350,0,2016-07-01,2017-06-30
"158","Office of National Assessments",34208,0,2015-07-01,2016-06-30
"158","Office of National Assessments",32548,0,2014-07-01,2015-06-30
"159","Office of National Intelligence",70553,0,2019-07-01,2020-06-30
"16","Australian Commission on Safety and Quality in Health Care",0,19873,2019-07-01,2020-06-30
"16","Australian Commission on Safety and Quality in Health Care",0,21614,2018-07-01,2019-06-30
"16","Australian Commission on Safety and Quality in Health Care",250526,55547,2017-07-01,2018-06-30
"16","Australian Commission on Safety and Quality in Health Care",0,19354,2016-07-01,2017-06-30
"16","Australian Commission on Safety and Quality in Health Care",0,19803,2015-07-01,2016-06-30
"16","Australian Commission on Safety and Quality in Health Care",0,3752,2014-07-01,2015-06-30
"160","Office of Parliamentary Counsel",17298,5917,2019-07-01,2020-06-30
"160","Office of Parliamentary Counsel",16135,5999,2018-07-01,2019-06-30
"160","Office of Parliamentary Counsel",15204,6214,2017-07-01,2018-06-30
"160","Office of Parliamentary Counsel",14085,6246,2016-07-01,2017-06-30
"160","Office of Parliamentary Counsel",15195,6290,2015-07-01,2016-06-30
"160","Office of Parliamentary Counsel",15798,5725,2014-07-01,2015-06-30
"161","Office of the Auditing and Assurance Standards Board",2398,0,2019-07-01,2020-06-30
"161","Office of the Auditing and Assurance Standards Board",2117,0,2018-07-01,2019-06-30
"161","Office of the Auditing and Assurance Standards Board",2133,0,2017-07-01,2018-06-30
"161","Office of the Auditing and Assurance Standards Board",2163,3,2016-07-01,2017-06-30
"161","Office of the Auditing and Assurance Standards Board",2198,36,2015-07-01,2016-06-30
"161","Office of the Auditing and Assurance Standards Board",2226,35,2014-07-01,2015-06-30
"162","Office of the Australian Accounting Standards Board",3598,1124,2019-07-01,2020-06-30
"162","Office of the Australian Accounting Standards Board",3597,1127,2018-07-01,2019-06-30
"162","Office of the Australian Accounting Standards Board",3627,777,2017-07-01,2018-06-30
"162","Office of the Australian Accounting Standards Board",3677,710,2016-07-01,2017-06-30
"162","Office of the Australian Accounting Standards Board",3730,767,2015-07-01,2016-06-30
"162","Office of the Australian Accounting Standards Board",3781,850,2014-07-01,2015-06-30
"163","Office of the Australian Information Commissioner",23270,178,2019-07-01,2020-06-30
"163","Office of the Australian Information Commissioner",14356,2170,2018-07-01,2019-06-30
"163","Office of the Australian Information Commissioner",10361,3587,2017-07-01,2018-06-30
"163","Office of the Australian Information Commissioner",10622,3777,2016-07-01,2017-06-30
"163","Office of the Australian Information Commissioner",8537,3153,2015-07-01,2016-06-30
"163","Office of the Australian Information Commissioner",7191,3153,2014-07-01,2015-06-30
"164","Office of the Commonwealth Ombudsman",36544,3378,2019-07-01,2020-06-30
"164","Office of the Commonwealth Ombudsman",36045,2330,2018-07-01,2019-06-30
"164","Office of the Commonwealth Ombudsman",24281,14949,2017-07-01,2018-06-30
"164","Office of the Commonwealth Ombudsman",20933,1860,2016-07-01,2017-06-30
"164","Office of the Commonwealth Ombudsman",22643,2422,2015-07-01,2016-06-30
"164","Office of the Commonwealth Ombudsman",17959,1695,2014-07-01,2015-06-30
"165","Office of the Director of Public Prosecutions",87848,10875,2019-07-01,2020-06-30
"165","Office of the Director of Public Prosecutions",78066,9268,2018-07-01,2019-06-30
"165","Office of the Director of Public Prosecutions",81774,7424,2017-07-01,2018-06-30
"165","Office of the Director of Public Prosecutions",79185,7392,2016-07-01,2017-06-30
"165","Office of the Director of Public Prosecutions",77941,7784,2015-07-01,2016-06-30
"165","Office of the Director of Public Prosecutions",78660,3450,2014-07-01,2015-06-30
"166","Office of the Fair Work Building Industry Inspectorate",33637,370,2016-07-01,2017-06-30
"166","Office of the Fair Work Building Industry Inspectorate",35160,51,2015-07-01,2016-06-30
"166","Office of the Fair Work Building Industry Inspectorate",34308,44,2014-07-01,2015-06-30
"167","Office of the Fair Work Ombudsman",110986,1550,2016-07-01,2017-06-30
"167","Office of the Fair Work Ombudsman",117897,800,2015-07-01,2016-06-30
"167","Office of the Fair Work Ombudsman",115591,1300,2014-07-01,2015-06-30
"168","Office of the Inspector-General of Intelligence and Security",14839,27,2019-07-01,2020-06-30
"168","Office of the Inspector-General of Intelligence and Security",9917,127,2018-07-01,2019-06-30
"168","Office of the Inspector-General of Intelligence and Security",3182,0,2017-07-01,2018-06-30
"168","Office of the Inspector-General of Intelligence and Security",3143,0,2016-07-01,2017-06-30
"168","Office of the Inspector-General of Intelligence and Security",3075,0,2015-07-01,2016-06-30
"168","Office of the Inspector-General of Intelligence and Security",2189,0,2014-07-01,2015-06-30
"169","Office of the Official Secretary to the Governor-General",14600,171,2019-07-01,2020-06-30
"169","Office of the Official Secretary to the Governor-General",12629,0,2018-07-01,2019-06-30
"169","Office of the Official Secretary to the Governor-General",11323,0,2017-07-01,2018-06-30
"169","Office of the Official Secretary to the Governor-General",11475,0,2016-07-01,2017-06-30
"169","Office of the Official Secretary to the Governor-General",11629,0,2015-07-01,2016-06-30
"169","Office of the Official Secretary to the Governor-General",11777,0,2014-07-01,2015-06-30
"17","Australian Communications and Media Authority",103916,900,2019-07-01,2020-06-30
"17","Australian Communications and Media Authority",96322,900,2018-07-01,2019-06-30
"17","Australian Communications and Media Authority",88312,3449,2017-07-01,2018-06-30
"17","Australian Communications and Media Authority",88290,900,2016-07-01,2017-06-30
"17","Australian Communications and Media Authority",89204,900,2015-07-01,2016-06-30
"17","Australian Communications and Media Authority",96571,900,2014-07-01,2015-06-30
"170","Outback Stores Pty Ltd",0,18931,2019-07-01,2020-06-30
"170","Outback Stores Pty Ltd",0,23053,2018-07-01,2019-06-30
"170","Outback Stores Pty Ltd",0,23053,2017-07-01,2018-06-30
"170","Outback Stores Pty Ltd",0,23053,2016-07-01,2017-06-30
"171","Private Health Insurance Administration Council",0,7137,2015-07-01,2016-06-30
"171","Private Health Insurance Administration Council",0,6931,2014-07-01,2015-06-30
"172","Private Health Insurance Ombudsman",3079,10,2014-07-01,2015-06-30
"173","Productivity Commission",34341,145,2019-07-01,2020-06-30
"173","Productivity Commission",34367,9,2018-07-01,2019-06-30
"173","Productivity Commission",35060,272,2017-07-01,2018-06-30
"173","Productivity Commission",34233,1007,2016-07-01,2017-06-30
"173","Productivity Commission",33744,1036,2015-07-01,2016-06-30
"173","Productivity Commission",34118,825,2014-07-01,2015-06-30
"174","Professional Services Review",9585,0,2019-07-01,2020-06-30
"174","Professional Services Review",6068,0,2018-07-01,2019-06-30
"174","Professional Services Review",5691,0,2017-07-01,2018-06-30
"174","Professional Services Review",5278,0,2016-07-01,2017-06-30
"174","Professional Services Review",5533,0,2015-07-01,2016-06-30
"174","Professional Services Review",5742,0,2014-07-01,2015-06-30
"175","RAAF Welfare Recreational Company",0,629,2018-07-01,2019-06-30
"175","RAAF Welfare Recreational Company",0,751,2017-07-01,2018-06-30
"175","RAAF Welfare Recreational Company",0,732,2016-07-01,2017-06-30
"175","RAAF Welfare Recreational Company",0,1022,2015-07-01,2016-06-30
"176","Regional Investment Corporation",15414,0,2019-07-01,2020-06-30
"176","Regional Investment Corporation",12555,4773,2018-07-01,2019-06-30
"177","Royal Australian Air Force Veterans Residences Trust Fund",0,580,2019-07-01,2020-06-30
"177","Royal Australian Air Force Veterans Residences Trust Fund",0,580,2018-07-01,2019-06-30
"177","Royal Australian Air Force Veterans Residences Trust Fund",0,568,2017-07-01,2018-06-30
"177","Royal Australian Air Force Veterans Residences Trust Fund",0,555,2016-07-01,2017-06-30
"177","Royal Australian Air Force Veterans Residences Trust Fund",0,558,2015-07-01,2016-06-30
"178","Royal Australian Air Force Welfare Trust Fund",0,1742,2019-07-01,2020-06-30
"178","Royal Australian Air Force Welfare Trust Fund",0,1934,2018-07-01,2019-06-30
"178","Royal Australian Air Force Welfare Trust Fund",0,1761,2017-07-01,2018-06-30
"178","Royal Australian Air Force Welfare Trust Fund",0,1743,2016-07-01,2017-06-30
"178","Royal Australian Air Force Welfare Trust Fund",0,791,2015-07-01,2016-06-30
"179","Royal Australian Navy Central Canteens Board",0,19763,2019-07-01,2020-06-30
"179","Royal Australian Navy Central Canteens Board",0,15916,2018-07-01,2019-06-30
"179","Royal Australian Navy Central Canteens Board",0,17375,2017-07-01,2018-06-30
"179","Royal Australian Navy Central Canteens Board",0,18999,2016-07-01,2017-06-30
"179","Royal Australian Navy Central Canteens Board",0,17831,2015-07-01,2016-06-30
"18","Australian Competition and Consumer Commission",240956,3703,2019-07-01,2020-06-30
"18","Australian Competition and Consumer Commission",213617,3953,2018-07-01,2019-06-30
"18","Australian Competition and Consumer Commission",192409,4269,2017-07-01,2018-06-30
"18","Australian Competition and Consumer Commission",175755,3947,2016-07-01,2017-06-30
"18","Australian Competition and Consumer Commission",166115,2764,2015-07-01,2016-06-30
"18","Australian Competition and Consumer Commission",172183,1250,2014-07-01,2015-06-30
"180","Royal Australian Navy Relief Trust Fund",0,723,2019-07-01,2020-06-30
"180","Royal Australian Navy Relief Trust Fund",0,723,2018-07-01,2019-06-30
"180","Royal Australian Navy Relief Trust Fund",0,723,2017-07-01,2018-06-30
"180","Royal Australian Navy Relief Trust Fund",0,723,2016-07-01,2017-06-30
"180","Royal Australian Navy Relief Trust Fund",0,677,2015-07-01,2016-06-30
"181","Rural Industries Research and Development Corporation",0,39370,2019-07-01,2020-06-30
"181","Rural Industries Research and Development Corporation",0,26490,2018-07-01,2019-06-30
"181","Rural Industries Research and Development Corporation",0,27224,2017-07-01,2018-06-30
"181","Rural Industries Research and Development Corporation",0,21106,2016-07-01,2017-06-30
"181","Rural Industries Research and Development Corporation",0,18997,2015-07-01,2016-06-30
"181","Rural Industries Research and Development Corporation",0,20076,2014-07-01,2015-06-30
"182","Safe Work Australia",10521,0,2019-07-01,2020-06-30
"182","Safe Work Australia",10323,0,2018-07-01,2019-06-30
"182","Safe Work Australia",10095,0,2017-07-01,2018-06-30
"182","Safe Work Australia",9821,0,2016-07-01,2017-06-30
"182","Safe Work Australia",9705,0,2015-07-01,2016-06-30
"182","Safe Work Australia",9832,0,2014-07-01,2015-06-30
"183","Screen Australia",11331,77264,2019-07-01,2020-06-30
"183","Screen Australia",11335,77364,2018-07-01,2019-06-30
"183","Screen Australia",11394,77795,2017-07-01,2018-06-30
"183","Screen Australia",13983,78673,2016-07-01,2017-06-30
"183","Screen Australia",16720,80835,2015-07-01,2016-06-30
"183","Screen Australia",17956,82372,2014-07-01,2015-06-30
"184","Seafarers Safety, Rehabilitation and Compensation Authority",5076,100,2017-07-01,2018-06-30
"185","Services Australia",4635854,237039,2019-07-01,2020-06-30
"186","Special Broadcasting Service Corporation",290054,103796,2019-07-01,2020-06-30
"186","Special Broadcasting Service Corporation",281726,104777,2018-07-01,2019-06-30
"186","Special Broadcasting Service Corporation",280058,101626,2017-07-01,2018-06-30
"186","Special Broadcasting Service Corporation",281598,97438,2016-07-01,2017-06-30
"186","Special Broadcasting Service Corporation",283270,90535,2015-07-01,2016-06-30
"186","Special Broadcasting Service Corporation",287074,112441,2014-07-01,2015-06-30
"187","Sydney Harbour Federation Trust",1700,18359,2019-07-01,2020-06-30
"187","Sydney Harbour Federation Trust",0,18806,2018-07-01,2019-06-30
"187","Sydney Harbour Federation Trust",0,17663,2017-07-01,2018-06-30
"187","Sydney Harbour Federation Trust",0,17093,2016-07-01,2017-06-30
"187","Sydney Harbour Federation Trust",0,17283,2015-07-01,2016-06-30
"187","Sydney Harbour Federation Trust",0,15481,2014-07-01,2015-06-30
"188","Telecommunications Universal Service Management Agency",4025,0,2014-07-01,2015-06-30
"189","Tertiary Education Quality and Standards Agency",18385,323,2019-07-01,2020-06-30
"189","Tertiary Education Quality and Standards Agency",19584,263,2018-07-01,2019-06-30
"189","Tertiary Education Quality and Standards Agency",12223,302,2016-07-01,2017-06-30
"189","Tertiary Education Quality and Standards Agency",12328,15,2015-07-01,2016-06-30
"189","Tertiary Education Quality and Standards Agency",16516,15,2014-07-01,2015-06-30
"19","Australian Crime Commission",91997,21139,2016-07-01,2017-06-30
"19","Australian Crime Commission",93472,6148,2015-07-01,2016-06-30
"19","Australian Crime Commission",91728,4699,2014-07-01,2015-06-30
"190","Torres Strait Regional Authority",35897,12318,2019-07-01,2020-06-30
"190","Torres Strait Regional Authority",37872,11510,2018-07-01,2019-06-30
"190","Torres Strait Regional Authority",37056,11830,2017-07-01,2018-06-30
"190","Torres Strait Regional Authority",35919,11688,2016-07-01,2017-06-30
"190","Torres Strait Regional Authority",39498,11432,2015-07-01,2016-06-30
"190","Torres Strait Regional Authority",48159,9885,2014-07-01,2015-06-30
"191","Tourism Australia",135618,39800,2019-07-01,2020-06-30
"191","Tourism Australia",132488,35127,2018-07-01,2019-06-30
"191","Tourism Australia",129308,0,2017-07-01,2018-06-30
"191","Tourism Australia",140266,0,2016-07-01,2017-06-30
"191","Tourism Australia",137290,0,2015-07-01,2016-06-30
"191","Tourism Australia",129872,1750,2014-07-01,2015-06-30
"192","Wine Australia",0,70001,2019-07-01,2020-06-30
"193","Workplace Gender Equality Agency",8586,100,2019-07-01,2020-06-30
"193","Workplace Gender Equality Agency",5055,100,2018-07-01,2019-06-30
"193","Workplace Gender Equality Agency",5085,100,2016-07-01,2017-06-30
"193","Workplace Gender Equality Agency",5132,100,2015-07-01,2016-06-30
"193","Workplace Gender Equality Agency",5026,300,2014-07-01,2015-06-30
"2","Administrative Appeals Tribunal",170265,1018,2019-07-01,2020-06-30
"2","Administrative Appeals Tribunal",164277,900,2018-07-01,2019-06-30
"2","Administrative Appeals Tribunal",159838,0,2017-07-01,2018-06-30
"2","Administrative Appeals Tribunal",164574,0,2016-07-01,2017-06-30
"2","Administrative Appeals Tribunal",131856,0,2015-07-01,2016-06-30
"2","Administrative Appeals Tribunal",35949,0,2014-07-01,2015-06-30
"20","Australian Criminal Intelligence Commission",131038,18386,2019-07-01,2020-06-30
"20","Australian Criminal Intelligence Commission",128190,22868,2018-07-01,2019-06-30
"20","Australian Criminal Intelligence Commission",91143,8332,2017-07-01,2018-06-30
"21","Australian Curriculum, Assessment and Reporting Authority",0,27606,2019-07-01,2020-06-30
"21","Australian Curriculum, Assessment and Reporting Authority",0,28478,2018-07-01,2019-06-30
"21","Australian Curriculum, Assessment and Reporting Authority",0,28563,2017-07-01,2018-06-30
"21","Australian Curriculum, Assessment and Reporting Authority",0,27460,2016-07-01,2017-06-30
"21","Australian Curriculum, Assessment and Reporting Authority",0,25220,2015-07-01,2016-06-30
"22","Australian Customs and Border Protection Service",1145851,70208,2014-07-01,2015-06-30
"23","Australian Digital Health Agency",199924,32250,2019-07-01,2020-06-30
"23","Australian Digital Health Agency",256812,32889,2018-07-01,2019-06-30
"23","Australian Digital Health Agency",120892,85675,2016-07-01,2017-06-30
"24","Australian Electoral Commission",154321,11038,2019-07-01,2020-06-30
"24","Australian Electoral Commission",414164,11038,2018-07-01,2019-06-30
"24","Australian Electoral Commission",153082,11038,2017-07-01,2018-06-30
"24","Australian Electoral Commission",319518,10952,2016-07-01,2017-06-30
"24","Australian Electoral Commission",126675,10841,2015-07-01,2016-06-30
"24","Australian Electoral Commission",118546,16613,2014-07-01,2015-06-30
"25","Australian Federal Police",1254738,277134,2019-07-01,2020-06-30
"25","Australian Federal Police",1180085,272916,2018-07-01,2019-06-30
"25","Australian Federal Police",1149073,256173,2017-07-01,2018-06-30
"25","Australian Federal Police",1113209,258387,2016-07-01,2017-06-30
"25","Australian Federal Police",1098721,263021,2015-07-01,2016-06-30
"25","Australian Federal Police",1137604,288784,2014-07-01,2015-06-30
"26","Australian Film, Television and Radio School",22605,8606,2019-07-01,2020-06-30
"26","Australian Film, Television and Radio School",22584,10047,2018-07-01,2019-06-30
"26","Australian Film, Television and Radio School",22683,9593,2017-07-01,2018-06-30
"26","Australian Film, Television and Radio School",22985,8087,2016-07-01,2017-06-30
"26","Australian Film, Television and Radio School",24058,6256,2015-07-01,2016-06-30
"26","Australian Film, Television and Radio School",24335,6179,2014-07-01,2015-06-30
"27","Australian Financial Security Authority",57331,44351,2019-07-01,2020-06-30
"27","Australian Financial Security Authority",55881,49642,2018-07-01,2019-06-30
"27","Australian Financial Security Authority",54818,49569,2017-07-01,2018-06-30
"27","Australian Financial Security Authority",53687,49497,2016-07-01,2017-06-30
"27","Australian Financial Security Authority",53284,49415,2015-07-01,2016-06-30
"27","Australian Financial Security Authority",54499,54222,2014-07-01,2015-06-30
"28","Australian Fisheries Management Authority",20345,2328,2019-07-01,2020-06-30
"28","Australian Fisheries Management Authority",20517,2851,2018-07-01,2019-06-30
"28","Australian Fisheries Management Authority",20514,3139,2017-07-01,2018-06-30
"28","Australian Fisheries Management Authority",20922,3127,2016-07-01,2017-06-30
"28","Australian Fisheries Management Authority",20955,3115,2015-07-01,2016-06-30
"28","Australian Fisheries Management Authority",21199,3104,2014-07-01,2015-06-30
"29","Australian Grape and Wine Authority",1775,56390,2018-07-01,2019-06-30
"29","Australian Grape and Wine Authority",0,54671,2017-07-01,2018-06-30
"29","Australian Grape and Wine Authority",0,36314,2016-07-01,2017-06-30
"29","Australian Grape and Wine Authority",0,37657,2015-07-01,2016-06-30
"29","Australian Grape and Wine Authority",0,34667,2014-07-01,2015-06-30
"3","Aged Care Quality and Safety Commission",71014,8392,2019-07-01,2020-06-30
"30","Australian Human Rights Commission",16538,5521,2019-07-01,2020-06-30
"30","Australian Human Rights Commission",16184,6089,2018-07-01,2019-06-30
"30","Australian Human Rights Commission",14439,6364,2017-07-01,2018-06-30
"30","Australian Human Rights Commission",14593,7885,2016-07-01,2017-06-30
"30","Australian Human Rights Commission",15515,6570,2015-07-01,2016-06-30
"30","Australian Human Rights Commission",19941,6485,2014-07-01,2015-06-30
"31","Australian Institute for Teaching and School Leadership Limited",0,16349,2019-07-01,2020-06-30
"31","Australian Institute for Teaching and School Leadership Limited",0,14685,2018-07-01,2019-06-30
"31","Australian Institute for Teaching and School Leadership Limited",0,14504,2017-07-01,2018-06-30
"31","Australian Institute for Teaching and School Leadership Limited",0,13031,2016-07-01,2017-06-30
"31","Australian Institute for Teaching and School Leadership Limited",0,10200,2015-07-01,2016-06-30
"32","Australian Institute of Aboriginal and Torres Strait Islander Studies",20445,5960,2019-07-01,2020-06-30
"32","Australian Institute of Aboriginal and Torres Strait Islander Studies",20462,5960,2018-07-01,2019-06-30
"32","Australian Institute of Aboriginal and Torres Strait Islander Studies",19567,0,2017-07-01,2018-06-30
"32","Australian Institute of Aboriginal and Torres Strait Islander Studies",19891,0,2016-07-01,2017-06-30
"32","Australian Institute of Aboriginal and Torres Strait Islander Studies",15009,0,2015-07-01,2016-06-30
"32","Australian Institute of Aboriginal and Torres Strait Islander Studies",13392,0,2014-07-01,2015-06-30
"33","Australian Institute of Criminology",4617,0,2019-07-01,2020-06-30
"33","Australian Institute of Criminology",4997,0,2018-07-01,2019-06-30
"33","Australian Institute of Criminology",5104,3107,2016-07-01,2017-06-30
"33","Australian Institute of Criminology",5290,2856,2015-07-01,2016-06-30
"33","Australian Institute of Criminology",5348,2765,2014-07-01,2015-06-30
"34","Australian Institute of Family Studies",4641,10987,2019-07-01,2020-06-30
"34","Australian Institute of Family Studies",4601,10296,2018-07-01,2019-06-30
"34","Australian Institute of Family Studies",5780,7534,2017-07-01,2018-06-30
"34","Australian Institute of Family Studies",4641,7878,2016-07-01,2017-06-30
"34","Australian Institute of Family Studies",4750,9289,2015-07-01,2016-06-30
"34","Australian Institute of Family Studies",4832,9566,2014-07-01,2015-06-30
"35","Australian Institute of Health and Welfare",37305,38446,2019-07-01,2020-06-30
"35","Australian Institute of Health and Welfare",33947,35330,2018-07-01,2019-06-30
"35","Australian Institute of Health and Welfare",28078,33030,2017-07-01,2018-06-30
"35","Australian Institute of Health and Welfare",26918,35308,2016-07-01,2017-06-30
"35","Australian Institute of Health and Welfare",15625,30630,2015-07-01,2016-06-30
"35","Australian Institute of Health and Welfare",15800,35237,2014-07-01,2015-06-30
"36","Australian Institute of Marine Science",44800,27131,2019-07-01,2020-06-30
"36","Australian Institute of Marine Science",47527,25455,2018-07-01,2019-06-30
"36","Australian Institute of Marine Science",43516,21328,2017-07-01,2018-06-30
"36","Australian Institute of Marine Science",41552,20044,2016-07-01,2017-06-30
"36","Australian Institute of Marine Science",40483,23513,2015-07-01,2016-06-30
"36","Australian Institute of Marine Science",38796,23670,2014-07-01,2015-06-30
"37","Australian Law Reform Commission",2623,0,2019-07-01,2020-06-30
"37","Australian Law Reform Commission",2611,1,2018-07-01,2019-06-30
"37","Australian Law Reform Commission",2767,5,2016-07-01,2017-06-30
"37","Australian Law Reform Commission",2842,5,2015-07-01,2016-06-30
"37","Australian Law Reform Commission",2873,5,2014-07-01,2015-06-30
"38","Australian Maritime Safety Authority",81919,151581,2019-07-01,2020-06-30
"38","Australian Maritime Safety Authority",77605,151163,2018-07-01,2019-06-30
"38","Australian Maritime Safety Authority",69548,140891,2017-07-01,2018-06-30
"38","Australian Maritime Safety Authority",65512,147911,2016-07-01,2017-06-30
"38","Australian Maritime Safety Authority",57509,143319,2015-07-01,2016-06-30
"38","Australian Maritime Safety Authority",56595,139475,2014-07-01,2015-06-30
"39","Australian Military Forces Relief Trust Fund",0,593,2019-07-01,2020-06-30
"39","Australian Military Forces Relief Trust Fund",0,612,2018-07-01,2019-06-30
"39","Australian Military Forces Relief Trust Fund",0,601,2017-07-01,2018-06-30
"39","Australian Military Forces Relief Trust Fund",0,492,2016-07-01,2017-06-30
"39","Australian Military Forces Relief Trust Fund",0,476,2015-07-01,2016-06-30
"4","Army Amenities Fund Company",0,383,2018-07-01,2019-06-30
"4","Army Amenities Fund Company",0,672,2017-07-01,2018-06-30
"4","Army Amenities Fund Company",0,361,2016-07-01,2017-06-30
"4","Army Amenities Fund Company",0,687,2015-07-01,2016-06-30
"40","Australian National Audit Office",70620,4100,2019-07-01,2020-06-30
"40","Australian National Audit Office",71048,4100,2018-07-01,2019-06-30
"40","Australian National Audit Office",72243,3800,2017-07-01,2018-06-30
"40","Australian National Audit Office",74004,4000,2016-07-01,2017-06-30
"40","Australian National Audit Office",73731,3500,2015-07-01,2016-06-30
"40","Australian National Audit Office",74425,3500,2014-07-01,2015-06-30
"41","Australian National Maritime Museum",24370,23555,2019-07-01,2020-06-30
"41","Australian National Maritime Museum",29236,15403,2018-07-01,2019-06-30
"41","Australian National Maritime Museum",28707,12308,2017-07-01,2018-06-30
"41","Australian National Maritime Museum",22779,11796,2016-07-01,2017-06-30
"41","Australian National Maritime Museum",23920,10248,2015-07-01,2016-06-30
"41","Australian National Maritime Museum",24038,7635,2014-07-01,2015-06-30
"42","Australian Nuclear Science and Technology Organisation",313818,120635,2019-07-01,2020-06-30
"42","Australian Nuclear Science and Technology Organisation",242533,119261,2018-07-01,2019-06-30
"42","Australian Nuclear Science and Technology Organisation",219156,99420,2017-07-01,2018-06-30
"42","Australian Nuclear Science and Technology Organisation",212175,111833,2016-07-01,2017-06-30
"42","Australian Nuclear Science and Technology Organisation",192616,118984,2015-07-01,2016-06-30
"42","Australian Nuclear Science and Technology Organisation",252803,113300,2014-07-01,2015-06-30
"43","Australian Office of Financial Management",14167,382,2019-07-01,2020-06-30
"43","Australian Office of Financial Management",11499,371,2018-07-01,2019-06-30
"43","Australian Office of Financial Management",11580,361,2017-07-01,2018-06-30
"43","Australian Office of Financial Management",12068,811,2016-07-01,2017-06-30
"43","Australian Office of Financial Management",11907,811,2015-07-01,2016-06-30
"43","Australian Office of Financial Management",12134,828,2014-07-01,2015-06-30
"44","Australian Organ and Tissue Donation and Transplantation Authority",5586,0,2019-07-01,2020-06-30
"44","Australian Organ and Tissue Donation and Transplantation Authority",5710,0,2018-07-01,2019-06-30
"44","Australian Organ and Tissue Donation and Transplantation Authority",25498,0,2017-07-01,2018-06-30
"44","Australian Organ and Tissue Donation and Transplantation Authority",5784,0,2016-07-01,2017-06-30
"44","Australian Organ and Tissue Donation and Transplantation Authority",5926,0,2015-07-01,2016-06-30
"44","Australian Organ and Tissue Donation and Transplantation Authority",6052,0,2014-07-01,2015-06-30
"45","Australian Pesticides and Veterinary Medicines Authority",5695,30690,2019-07-01,2020-06-30
"45","Australian Pesticides and Veterinary Medicines Authority",24902,28423,2018-07-01,2019-06-30
"45","Australian Pesticides and Veterinary Medicines Authority",5995,32550,2017-07-01,2018-06-30
"45","Australian Pesticides and Veterinary Medicines Authority",3522,32848,2016-07-01,2017-06-30
"45","Australian Pesticides and Veterinary Medicines Authority",732,31997,2015-07-01,2016-06-30
"45","Australian Pesticides and Veterinary Medicines Authority",743,339,2014-07-01,2015-06-30
"46","Australian Prudential Regulation Authority",0,5277,2019-07-01,2020-06-30
"46","Australian Prudential Regulation Authority",126,5503,2018-07-01,2019-06-30
"46","Australian Prudential Regulation Authority",731,5695,2017-07-01,2018-06-30
"46","Australian Prudential Regulation Authority",1543,5056,2016-07-01,2017-06-30
"46","Australian Prudential Regulation Authority",1237,4930,2015-07-01,2016-06-30
"46","Australian Prudential Regulation Authority",1061,5471,2014-07-01,2015-06-30
"47","Australian Public Service Commission",20766,22095,2019-07-01,2020-06-30
"47","Australian Public Service Commission",21710,20903,2018-07-01,2019-06-30
"47","Australian Public Service Commission",98973,19002,2017-07-01,2018-06-30
"47","Australian Public Service Commission",20908,19830,2016-07-01,2017-06-30
"47","Australian Public Service Commission",21064,20244,2015-07-01,2016-06-30
"47","Australian Public Service Commission",22072,21894,2014-07-01,2015-06-30
"48","Australian Radiation Protection and Nuclear Safety Agency",14696,0,2019-07-01,2020-06-30
"48","Australian Radiation Protection and Nuclear Safety Agency",14703,0,2018-07-01,2019-06-30
"48","Australian Radiation Protection and Nuclear Safety Agency",15173,0,2016-07-01,2017-06-30
"48","Australian Radiation Protection and Nuclear Safety Agency",15043,0,2015-07-01,2016-06-30
"48","Australian Radiation Protection and Nuclear Safety Agency",15261,0,2014-07-01,2015-06-30
"49","Australian Renewable Energy Agency",2868,280643,2019-07-01,2020-06-30
"49","Australian Renewable Energy Agency",2463,313143,2018-07-01,2019-06-30
"49","Australian Renewable Energy Agency",1221,189037,2016-07-01,2017-06-30
"49","Australian Renewable Energy Agency",0,329340,2014-07-01,2015-06-30
"5","Army and Air Force Canteen Service",0,33261,2019-07-01,2020-06-30
"5","Army and Air Force Canteen Service",0,34998,2018-07-01,2019-06-30
"5","Army and Air Force Canteen Service",0,34422,2017-07-01,2018-06-30
"5","Army and Air Force Canteen Service",0,33596,2016-07-01,2017-06-30
"5","Army and Air Force Canteen Service",0,22462,2015-07-01,2016-06-30
"50","Australian Research Council",22454,0,2019-07-01,2020-06-30
"50","Australian Research Council",22668,500,2018-07-01,2019-06-30
"50","Australian Research Council",23095,0,2017-07-01,2018-06-30
"50","Australian Research Council",26626,0,2016-07-01,2017-06-30
"50","Australian Research Council",23385,0,2015-07-01,2016-06-30
"50","Australian Research Council",23630,0,2014-07-01,2015-06-30
"51","Australian Secret Intelligence Service",385941,97200,2019-07-01,2020-06-30
"51","Australian Secret Intelligence Service",376565,89600,2018-07-01,2019-06-30
"51","Australian Secret Intelligence Service",320835,79000,2017-07-01,2018-06-30
"51","Australian Secret Intelligence Service",307538,53500,2016-07-01,2017-06-30
"51","Australian Secret Intelligence Service",267873,54500,2015-07-01,2016-06-30
"51","Australian Secret Intelligence Service",223494,34500,2014-07-01,2015-06-30
"52","Australian Securities and Investments Commission",429645,6500,2019-07-01,2020-06-30
"52","Australian Securities and Investments Commission",372272,8162,2018-07-01,2019-06-30
"52","Australian Securities and Investments Commission",383276,4563,2017-07-01,2018-06-30
"52","Australian Securities and Investments Commission",395132,4522,2016-07-01,2017-06-30
"52","Australian Securities and Investments Commission",332554,2147,2015-07-01,2016-06-30
"52","Australian Securities and Investments Commission",346639,2044,2014-07-01,2015-06-30
"53","Australian Security Intelligence Organisation",534108,21961,2019-07-01,2020-06-30
"53","Australian Security Intelligence Organisation",526784,23229,2018-07-01,2019-06-30
"53","Australian Security Intelligence Organisation",499931,22414,2017-07-01,2018-06-30
"53","Australian Security Intelligence Organisation",445215,21398,2016-07-01,2017-06-30
"53","Australian Security Intelligence Organisation",429420,16394,2015-07-01,2016-06-30
"53","Australian Security Intelligence Organisation",390741,16367,2014-07-01,2015-06-30
"54","Australian Signals Directorate",917453,4076,2019-07-01,2020-06-30
"54","Australian Signals Directorate",824615,2715,2018-07-01,2019-06-30
"55","Australian Sports Anti-Doping Authority",16656,2201,2019-07-01,2020-06-30
"55","Australian Sports Anti-Doping Authority",15670,2147,2018-07-01,2019-06-30
"55","Australian Sports Anti-Doping Authority",13813,4269,2017-07-01,2018-06-30
"55","Australian Sports Anti-Doping Authority",12304,0,2016-07-01,2017-06-30
"55","Australian Sports Anti-Doping Authority",12607,300,2015-07-01,2016-06-30
"55","Australian Sports Anti-Doping Authority",13313,300,2014-07-01,2015-06-30
"56","Australian Sports Commission",388893,21951,2019-07-01,2020-06-30
"56","Australian Sports Commission",314335,22703,2018-07-01,2019-06-30
"56","Australian Sports Commission",265664,23672,2017-07-01,2018-06-30
"56","Australian Sports Commission",250669,22735,2016-07-01,2017-06-30
"56","Australian Sports Commission",253646,23723,2015-07-01,2016-06-30
"56","Australian Sports Commission",265156,32410,2014-07-01,2015-06-30
"57","Australian Sports Foundation Limited",0,45200,2019-07-01,2020-06-30
"57","Australian Sports Foundation Limited",0,42220,2018-07-01,2019-06-30
"57","Australian Sports Foundation Limited",0,38200,2017-07-01,2018-06-30
"57","Australian Sports Foundation Limited",0,35180,2016-07-01,2017-06-30
"57","Australian Sports Foundation Limited",0,28850,2015-07-01,2016-06-30
"58","Australian Strategic Policy Institute Limited",0,8929,2019-07-01,2020-06-30
"58","Australian Strategic Policy Institute Limited",0,7646,2018-07-01,2019-06-30
"58","Australian Strategic Policy Institute Limited",0,7480,2017-07-01,2018-06-30
"58","Australian Strategic Policy Institute Limited",0,6073,2016-07-01,2017-06-30
"58","Australian Strategic Policy Institute Limited",0,6230,2015-07-01,2016-06-30
"59","Australian Taxation Office",3608283,134960,2019-07-01,2020-06-30
"59","Australian Taxation Office",3393633,122798,2018-07-01,2019-06-30
"59","Australian Taxation Office",3339788,128294,2017-07-01,2018-06-30
"59","Australian Taxation Office",3357313,152374,2016-07-01,2017-06-30
"59","Australian Taxation Office",3327021,133133,2015-07-01,2016-06-30
"59","Australian Taxation Office",3368718,73572,2014-07-01,2015-06-30
"6","Asbestos Safety and Eradication Agency",3372,225,2019-07-01,2020-06-30
"6","Asbestos Safety and Eradication Agency",3377,225,2018-07-01,2019-06-30
"6","Asbestos Safety and Eradication Agency",4662,0,2016-07-01,2017-06-30
"6","Asbestos Safety and Eradication Agency",3264,0,2015-07-01,2016-06-30
"6","Asbestos Safety and Eradication Agency",4914,0,2014-07-01,2015-06-30
"60","Australian Trade and Investment Commission",217222,27400,2019-07-01,2020-06-30
"60","Australian Trade and Investment Commission",217222,27400,2018-07-01,2019-06-30
"60","Australian Trade and Investment Commission",207945,27400,2017-07-01,2018-06-30
"60","Australian Trade and Investment Commission",213461,25100,2016-07-01,2017-06-30
"61","Australian Trade Commission",223933,20000,2015-07-01,2016-06-30
"61","Australian Trade Commission",198267,21842,2014-07-01,2015-06-30
"62","Australian Transaction Reports and Analysis Centre",80166,5592,2019-07-01,2020-06-30
"62","Australian Transaction Reports and Analysis Centre",78759,5328,2018-07-01,2019-06-30
"62","Australian Transaction Reports and Analysis Centre",64551,2537,2017-07-01,2018-06-30
"62","Australian Transaction Reports and Analysis Centre",70868,2235,2016-07-01,2017-06-30
"62","Australian Transaction Reports and Analysis Centre",63801,2083,2015-07-01,2016-06-30
"62","Australian Transaction Reports and Analysis Centre",56855,1557,2014-07-01,2015-06-30
"63","Australian Transport Safety Bureau",20863,1383,2019-07-01,2020-06-30
"63","Australian Transport Safety Bureau",20989,1778,2018-07-01,2019-06-30
"63","Australian Transport Safety Bureau",23299,1595,2017-07-01,2018-06-30
"63","Australian Transport Safety Bureau",18525,910,2016-07-01,2017-06-30
"63","Australian Transport Safety Bureau",68950,1304,2015-07-01,2016-06-30
"63","Australian Transport Safety Bureau",69819,1201,2014-07-01,2015-06-30
"64","Australian War Memorial",81617,8842,2019-07-01,2020-06-30
"64","Australian War Memorial",62333,8299,2018-07-01,2019-06-30
"64","Australian War Memorial",56390,8769,2017-07-01,2018-06-30
"64","Australian War Memorial",49874,11098,2016-07-01,2017-06-30
"64","Australian War Memorial",51545,9775,2015-07-01,2016-06-30
"64","Australian War Memorial",60252,11264,2014-07-01,2015-06-30
"65","Bundanon Trust",0,8572,2019-07-01,2020-06-30
"65","Bundanon Trust",0,3124,2018-07-01,2019-06-30
"65","Bundanon Trust",0,2652,2017-07-01,2018-06-30
"65","Bundanon Trust",0,2734,2016-07-01,2017-06-30
"65","Bundanon Trust",0,2603,2015-07-01,2016-06-30
"66","Bureau of Meteorology",401453,80218,2019-07-01,2020-06-30
"66","Bureau of Meteorology",405325,81135,2018-07-01,2019-06-30
"66","Bureau of Meteorology",318085,79522,2017-07-01,2018-06-30
"66","Bureau of Meteorology",293620,71363,2016-07-01,2017-06-30
"66","Bureau of Meteorology",295208,70118,2015-07-01,2016-06-30
"66","Bureau of Meteorology",272596,71634,2014-07-01,2015-06-30
"67","Cancer Australia",11167,2081,2019-07-01,2020-06-30
"67","Cancer Australia",11169,2232,2018-07-01,2019-06-30
"67","Cancer Australia",11191,127,2017-07-01,2018-06-30
"67","Cancer Australia",11356,130,2016-07-01,2017-06-30
"67","Cancer Australia",12091,1128,2015-07-01,2016-06-30
"67","Cancer Australia",12051,1474,2014-07-01,2015-06-30
"68","Civil Aviation Safety Authority",46172,155710,2019-07-01,2020-06-30
"68","Civil Aviation Safety Authority",43936,144600,2018-07-01,2019-06-30
"68","Civil Aviation Safety Authority",41313,142437,2017-07-01,2018-06-30
"68","Civil Aviation Safety Authority",42350,140690,2016-07-01,2017-06-30
"68","Civil Aviation Safety Authority",42461,137673,2015-07-01,2016-06-30
"68","Civil Aviation Safety Authority",42480,145001,2014-07-01,2015-06-30
"69","Clean Energy Finance Corporation",0,182632,2019-07-01,2020-06-30
"69","Clean Energy Finance Corporation",0,162163,2018-07-01,2019-06-30
"69","Clean Energy Finance Corporation",0,84299,2017-07-01,2018-06-30
"69","Clean Energy Finance Corporation",0,50977,2016-07-01,2017-06-30
"69","Clean Energy Finance Corporation",0,44925,2015-07-01,2016-06-30
"69","Clean Energy Finance Corporation",0,38166,2014-07-01,2015-06-30
"7","Attorney-General's Department",145242,123367,2019-07-01,2020-06-30
"7","Attorney-General's Department",133515,0,2018-07-01,2019-06-30
"7","Attorney-General's Department",230722,42613,2017-07-01,2018-06-30
"7","Attorney-General's Department",208379,33579,2016-07-01,2017-06-30
"7","Attorney-General's Department",249544,67368,2015-07-01,2016-06-30
"7","Attorney-General's Department",241981,113263,2014-07-01,2015-06-30
"70","Clean Energy Regulator",71254,0,2019-07-01,2020-06-30
"70","Clean Energy Regulator",71040,0,2018-07-01,2019-06-30
"70","Clean Energy Regulator",71136,0,2017-07-01,2018-06-30
"70","Clean Energy Regulator",72314,0,2016-07-01,2017-06-30
"70","Clean Energy Regulator",74597,0,2015-07-01,2016-06-30
"70","Clean Energy Regulator",82302,0,2014-07-01,2015-06-30
"71","Climate Change Authority",0,1553,2019-07-01,2020-06-30
"71","Climate Change Authority",0,1555,2018-07-01,2019-06-30
"71","Climate Change Authority",0,1456,2017-07-01,2018-06-30
"71","Climate Change Authority",2563,0,2016-07-01,2017-06-30
"71","Climate Change Authority",3561,0,2015-07-01,2016-06-30
"72","Comcare",5989,280887,2019-07-01,2020-06-30
"72","Comcare",5989,407468,2018-07-01,2019-06-30
"72","Comcare",10096,426116,2017-07-01,2018-06-30
"72","Comcare",6119,536494,2016-07-01,2017-06-30
"72","Comcare",7727,584192,2015-07-01,2016-06-30
"72","Comcare",7563,615438,2014-07-01,2015-06-30
"73","Commonwealth Grants Commission",9052,0,2019-07-01,2020-06-30
"73","Commonwealth Grants Commission",6128,0,2018-07-01,2019-06-30
"73","Commonwealth Grants Commission",6188,0,2017-07-01,2018-06-30
"73","Commonwealth Grants Commission",6270,0,2016-07-01,2017-06-30
"73","Commonwealth Grants Commission",6307,0,2015-07-01,2016-06-30
"73","Commonwealth Grants Commission",6399,0,2014-07-01,2015-06-30
"74","Commonwealth Scientific and Industrial Research Organisation",894151,613875,2019-07-01,2020-06-30
"74","Commonwealth Scientific and Industrial Research Organisation",843661,584348,2018-07-01,2019-06-30
"74","Commonwealth Scientific and Industrial Research Organisation",803549,556141,2017-07-01,2018-06-30
"74","Commonwealth Scientific and Industrial Research Organisation",797267,532037,2016-07-01,2017-06-30
"74","Commonwealth Scientific and Industrial Research Organisation",749681,542101,2015-07-01,2016-06-30
"74","Commonwealth Scientific and Industrial Research Organisation",745268,506600,2014-07-01,2015-06-30
"75","Commonwealth Superannuation Corporation",0,42141,2019-07-01,2020-06-30
"75","Commonwealth Superannuation Corporation",0,4181,2015-07-01,2016-06-30
"75","Commonwealth Superannuation Corporation",0,9024,2014-07-01,2015-06-30
"76","Corporations and Markets Advisory Committee",977,0,2014-07-01,2015-06-30
"77","Cotton Research and Development Corporation",0,14767,2019-07-01,2020-06-30
"77","Cotton Research and Development Corporation",0,22931,2018-07-01,2019-06-30
"77","Cotton Research and Development Corporation",0,26903,2017-07-01,2018-06-30
"77","Cotton Research and Development Corporation",0,13345,2016-07-01,2017-06-30
"77","Cotton Research and Development Corporation",0,10979,2015-07-01,2016-06-30
"77","Cotton Research and Development Corporation",0,20690,2014-07-01,2015-06-30
"78","CrimTrac Agency",2681,0,2016-07-01,2017-06-30
"79","Defence Housing Australia",0,1268488,2019-07-01,2020-06-30
"79","Defence Housing Australia",0,1307970,2018-07-01,2019-06-30
"79","Defence Housing Australia",0,1384817,2017-07-01,2018-06-30
"79","Defence Housing Australia",0,1539526,2016-07-01,2017-06-30
"79","Defence Housing Australia",0,1190094,2015-07-01,2016-06-30
"79","Defence Housing Australia",0,1254667,2014-07-01,2015-06-30
"8","Australia Business Arts Foundation",0,7459,2018-07-01,2019-06-30
"8","Australia Business Arts Foundation",0,4071,2017-07-01,2018-06-30
"8","Australia Business Arts Foundation",0,4392,2016-07-01,2017-06-30
"8","Australia Business Arts Foundation",0,4176,2015-07-01,2016-06-30
"80","Defence Materiel Organisation",881031,0,2014-07-01,2015-06-30
"81","Department of Agriculture",411814,13651,2019-07-01,2020-06-30
"81","Department of Agriculture",314555,22741,2015-07-01,2016-06-30
"81","Department of Agriculture",302671,22222,2014-07-01,2015-06-30
"82","Department of Agriculture and Water Resources",397015,15600,2018-07-01,2019-06-30
"82","Department of Agriculture and Water Resources",404933,23853,2017-07-01,2018-06-30
"82","Department of Agriculture and Water Resources",388907,24572,2016-07-01,2017-06-30
"83","Department of Communications",88663,0,2015-07-01,2016-06-30
"83","Department of Communications",91009,4025,2014-07-01,2015-06-30
"84","Department of Communications and the Arts",124826,2912,2019-07-01,2020-06-30
"84","Department of Communications and the Arts",109759,514,2018-07-01,2019-06-30
"84","Department of Communications and the Arts",106869,95,2017-07-01,2018-06-30
"84","Department of Communications and the Arts",107587,95,2016-07-01,2017-06-30
"85","Department of Defence",37824952,729043,2019-07-01,2020-06-30
"85","Department of Defence",35531649,700576,2018-07-01,2019-06-30
"85","Department of Defence",34570533,621628,2017-07-01,2018-06-30
"85","Department of Defence",32337852,1098150,2016-07-01,2017-06-30
"85","Department of Defence",31851445,1067542,2015-07-01,2016-06-30
"85","Department of Defence",28346664,942623,2014-07-01,2015-06-30
"86","Department of Education",433864,17027,2019-07-01,2020-06-30
"86","Department of Education",295085,22417,2014-07-01,2015-06-30
"87","Department of Education and Training",375459,12027,2018-07-01,2019-06-30
"87","Department of Education and Training",367493,13946,2017-07-01,2018-06-30
"87","Department of Education and Training",345329,19574,2016-07-01,2017-06-30
"87","Department of Education and Training",285848,17970,2015-07-01,2016-06-30
"88","Department of Employment",363455,49383,2017-07-01,2018-06-30
"88","Department of Employment",317091,13604,2016-07-01,2017-06-30
"88","Department of Employment",322277,17713,2015-07-01,2016-06-30
"88","Department of Employment",288680,17454,2014-07-01,2015-06-30
"89","Department of Finance",280829,52132,2019-07-01,2020-06-30
"89","Department of Finance",306360,95167,2018-07-01,2019-06-30
"89","Department of Finance",327612,22899,2017-07-01,2018-06-30
"89","Department of Finance",349939,18799,2016-07-01,2017-06-30
"89","Department of Finance",424050,17232,2015-07-01,2016-06-30
"89","Department of Finance",590258,17221,2014-07-01,2015-06-30
"9","Australia Council",212122,1880,2019-07-01,2020-06-30
"9","Australia Council",208186,3040,2018-07-01,2019-06-30
"9","Australia Council",209393,2101,2017-07-01,2018-06-30
"9","Australia Council",183424,10687,2016-07-01,2017-06-30
"9","Australia Council",184526,2821,2015-07-01,2016-06-30
"9","Australia Council",211764,4950,2014-07-01,2015-06-30
"90","Department of Foreign Affairs and Trade",1546188,122311,2019-07-01,2020-06-30
"90","Department of Foreign Affairs and Trade",1498084,112728,2018-07-01,2019-06-30
"90","Department of Foreign Affairs and Trade",1477462,97228,2017-07-01,2018-06-30
"90","Department of Foreign Affairs and Trade",1512582,81599,2016-07-01,2017-06-30
"90","Department of Foreign Affairs and Trade",1605231,81599,2015-07-01,2016-06-30
"90","Department of Foreign Affairs and Trade",1404800,81599,2014-07-01,2015-06-30
"91","Department of Health",678460,23224,2019-07-01,2020-06-30
"91","Department of Health",698899,20883,2018-07-01,2019-06-30
"91","Department of Health",649855,64456,2017-07-01,2018-06-30
"91","Department of Health",650559,66361,2016-07-01,2017-06-30
"91","Department of Health",453403,31549,2015-07-01,2016-06-30
"91","Department of Health",488143,24103,2014-07-01,2015-06-30
"92","Department of Home Affairs",2866079,252046,2019-07-01,2020-06-30
"92","Department of Home Affairs",2660511,218411,2018-07-01,2019-06-30
"93","Department of Human Services",4561486,255110,2018-07-01,2019-06-30
"93","Department of Human Services",4837414,263821,2017-07-01,2018-06-30
"93","Department of Human Services",4326891,169133,2016-07-01,2017-06-30
"93","Department of Human Services",4454195,141419,2015-07-01,2016-06-30
"93","Department of Human Services",4280311,158013,2014-07-01,2015-06-30
"94","Department of Immigration and Border Protection",2711231,174999,2017-07-01,2018-06-30
"94","Department of Immigration and Border Protection",2673949,150614,2016-07-01,2017-06-30
"94","Department of Immigration and Border Protection",2797171,154807,2015-07-01,2016-06-30
"94","Department of Immigration and Border Protection",1506650,60807,2014-07-01,2015-06-30
"95","Department of Industry",547318,53827,2014-07-01,2015-06-30
"96","Department of Industry and Science",460608,56276,2015-07-01,2016-06-30
"97","Department of Industry, Innovation and Science",424325,75796,2019-07-01,2020-06-30
"97","Department of Industry, Innovation and Science",418407,66110,2018-07-01,2019-06-30
"97","Department of Industry, Innovation and Science",413199,78632,2017-07-01,2018-06-30
"97","Department of Industry, Innovation and Science",425715,62862,2016-07-01,2017-06-30
"98","Department of Infrastructure and Regional Development",291310,6615,2017-07-01,2018-06-30
"98","Department of Infrastructure and Regional Development",277258,6931,2016-07-01,2017-06-30
"98","Department of Infrastructure and Regional Development",246551,10676,2015-07-01,2016-06-30
"98","Department of Infrastructure and Regional Development",269547,9112,2014-07-01,2015-06-30
"99","Department of Infrastructure, Regional Development and Cities",211371,3386,2018-07-01,2019-06-30
